Age,Gender,Weight (kg),Height (m),Max_BPM,Avg_BPM,Resting_BPM,Session_Duration (hours),Calories_Burned,Workout_Type,Fat_Percentage,Water_Intake (liters),Workout_Frequency (days/week),Experience_Level,BMI
56,Male,81.8,1.81,163,126,69,1.16,488.4,Yoga,17.6,3.5,2,1,24.97
46,Female,70.8,1.69,175,132,69,1.02,484.0,Strength,36.1,2.7,2,1,24.79
32,Male,88.4,1.79,189,161,59,0.78,644.3,Strength,20.9,3.8,4,2,27.59
60,Female,91.7,1.75,165,137,62,0.8,386.9,Cardio,36.7,3.6,4,2,29.94
25,Female,94.4,1.74,195,136,53,1.46,635.3,Strength,39.3,4.0,6,3,31.18
38,Male,89.2,1.8,183,106,58,1.12,350.9,Strength,33.2,3.6,5,3,27.53
56,Male,79.8,1.77,164,152,77,0.4,260.2,Yoga,24.9,3.4,1,1,25.47
36,Female,55.0,1.68,183,130,56,1.29,618.8,Cardio,26.3,2.4,6,3,19.49
40,Male,85.3,1.84,181,158,82,0.41,314.4,Yoga,22.1,3.3,1,1,25.19
28,Female,72.1,1.69,191,158,63,0.68,421.5,Yoga,32.0,3.0,3,2,25.24
28,Male,71.2,1.73,192,176,72,0.6,554.5,HIIT,19.8,3.5,2,2,23.79
41,Male,84.6,1.78,182,137,56,1.16,663.5,Strength,23.0,3.6,5,3,26.7
53,Female,76.5,1.64,166,131,60,1.33,618.7,Strength,36.1,3.5,6,3,28.44
57,Male,75.7,1.87,164,127,78,1.31,536.9,Yoga,22.6,3.3,2,2,21.65
41,Female,59.5,1.66,172,127,59,1.18,540.0,Strength,29.2,2.7,5,3,21.59
20,Male,70.2,1.71,199,127,57,1.03,516.2,Strength,21.9,2.6,5,3,24.01
39,Female,68.4,1.75,180,107,52,1.02,317.3,Strength,28.1,2.7,5,3,22.33
19,Female,51.1,1.65,201,135,72,0.88,440.7,Yoga,24.7,2.0,2,1,18.77
41,Male,55.8,1.63,178,130,63,1.3,554.5,Strength,23.3,2.5,6,3,21.0
61,Female,58.3,1.7,159,106,71,0.93,322.1,Strength,29.2,2.4,4,3,20.17
47,Male,94.1,1.81,172,159,75,0.39,304.5,Cardio,25.1,3.3,2,1,28.72
55,Male,94.4,1.76,166,126,56,1.37,630.1,Strength,28.9,3.9,5,2,30.48
19,Male,70.7,1.85,196,163,57,0.71,590.2,Strength,16.4,2.6,6,2,20.66
38,Female,65.1,1.57,182,142,64,1.42,767.5,Yoga,35.4,3.0,3,2,26.41
50,Female,69.7,1.59,167,151,81,0.61,367.6,Strength,41.3,2.9,1,1,27.57
29,Male,60.4,1.77,195,118,54,0.95,347.5,Strength,21.1,2.7,5,3,19.28
39,Male,75.9,1.74,178,132,70,1.41,715.9,Yoga,22.7,3.3,3,2,25.07
61,Female,90.8,1.65,162,102,63,0.96,251.4,Cardio,46.4,3.5,4,2,33.35
42,Male,84.2,1.77,178,131,63,1.19,611.2,Strength,20.7,3.1,5,3,26.88
44,Male,81.8,1.86,171,158,68,0.55,409.9,Yoga,19.4,3.2,3,2,23.64
59,Female,60.6,1.64,158,116,55,1.61,650.7,Strength,27.0,2.6,5,3,22.53
45,Male,57.7,1.82,178,119,72,1.09,349.7,Yoga,20.3,2.5,2,1,17.42
33,Female,66.1,1.59,189,114,60,0.99,350.3,Strength,34.2,2.6,6,3,26.15
32,Male,81.2,1.61,184,163,63,0.51,420.0,Cardio,28.8,3.4,3,2,31.33
64,Female,67.8,1.77,161,119,58,0.88,365.8,Strength,31.9,3.0,6,3,21.64
61,Male,56.8,1.79,159,137,70,0.95,413.1,Yoga,18.9,2.5,2,1,17.73
20,Male,71.8,1.8,203,162,84,1.38,1134.9,Strength,18.4,3.1,2,2,22.16
54,Female,74.2,1.64,162,150,65,0.53,313.9,HIIT,28.5,3.0,6,3,27.59
24,Male,72.9,1.78,195,167,73,0.91,781.9,Yoga,23.4,3.3,3,1,23.01
38,Female,55.4,1.6,183,166,57,0.3,213.6,Strength,31.6,2.3,6,3,21.64
26,Male,74.4,1.74,193,135,56,0.98,556.8,Strength,26.4,3.3,6,3,24.57
56,Female,68.1,1.64,155,129,69,1.07,503.7,Yoga,30.3,3.0,1,1,25.32
35,Female,52.2,1.63,184,169,73,0.47,344.9,Strength,25.0,1.9,3,3,19.65
21,Female,63.8,1.64,193,136,79,1.08,525.2,Yoga,32.2,2.7,1,1,23.72
42,Female,53.3,1.53,175,156,61,0.69,452.6,Strength,27.1,2.5,5,3,22.77
31,Male,77.0,1.86,185,162,57,0.73,587.9,Strength,20.5,3.4,6,3,22.26
26,Male,73.2,1.87,197,171,50,0.69,614.4,Strength,20.3,3.0,5,2,20.93
43,Female,81.3,1.71,181,108,58,0.98,292.4,Cardio,40.2,2.9,3,2,27.8
19,Female,65.0,1.71,202,166,58,0.88,593.5,Strength,28.3,3.2,6,3,22.23
37,Female,51.8,1.72,182,160,55,0.51,346.3,Strength,24.0,2.3,5,3,17.51
45,Male,67.6,1.63,175,141,62,0.84,460.4,HIIT,23.2,3.0,4,2,25.44
64,Male,80.0,1.72,159,142,76,0.83,446.2,Yoga,26.7,3.0,2,1,27.04
24,Male,68.0,1.77,190,165,62,0.5,413.6,Strength,17.5,2.6,6,3,21.71
61,Male,77.1,1.85,156,109,69,1.05,251.4,Yoga,17.7,3.3,2,1,22.53
25,Female,60.5,1.65,198,151,66,1.09,646.1,Yoga,28.3,2.6,1,1,22.22
64,Female,64.9,1.67,160,123,55,1.56,696.7,Yoga,32.0,2.6,5,2,23.27
52,Female,70.8,1.58,170,115,67,0.92,342.1,Yoga,34.7,3.0,1,1,28.36
31,Male,76.4,1.78,186,108,60,0.95,299.4,Strength,20.6,3.0,6,3,24.11
34,Male,82.1,1.73,189,167,73,0.74,633.8,Yoga,25.1,3.7,2,1,27.43
53,Male,70.7,1.83,171,152,85,0.91,576.3,Yoga,20.3,3.1,2,1,21.11
57,Female,65.4,1.68,165,108,60,0.9,307.9,Cardio,32.0,2.5,5,3,23.17
21,Female,75.8,1.65,192,171,65,0.52,358.3,Strength,38.6,3.1,6,3,27.84
19,Male,67.9,1.77,201,144,58,0.96,625.3,Strength,16.1,2.7,4,2,21.67
23,Female,71.8,1.6,199,143,49,1.25,648.6,Strength,38.3,2.8,4,2,28.05
59,Male,69.9,1.77,159,118,58,1.04,318.3,Strength,17.8,3.2,5,3,22.31
21,Male,74.1,1.78,200,149,58,1.57,1112.3,Strength,15.8,3.5,6,3,23.39
46,Female,85.6,1.68,172,160,57,0.54,338.7,Strength,36.8,3.2,5,3,30.33
35,Male,76.1,1.82,182,151,58,0.88,608.7,Strength,17.6,3.4,6,3,22.97
43,Female,70.6,1.68,182,170,67,0.59,422.1,HIIT,30.6,2.6,1,1,25.01
61,Male,82.6,1.76,160,133,60,0.96,453.3,Strength,27.1,4.0,5,2,26.67
51,Female,67.2,1.63,166,121,60,1.06,440.8,Strength,33.6,2.9,6,3,25.29
27,Female,70.0,1.66,189,114,60,1.01,343.8,Strength,31.8,3.1,4,2,25.4
53,Female,59.9,1.57,164,99,56,0.96,278.5,Strength,29.9,2.4,6,3,24.3
31,Male,66.8,1.83,186,107,56,1.21,337.3,Strength,18.1,3.1,6,3,19.95
48,Male,80.6,1.77,172,146,55,0.46,286.0,Strength,25.0,3.4,5,3,25.73
65,Female,63.4,1.7,156,124,67,1.08,493.3,Yoga,27.4,2.6,1,1,21.94
32,Female,67.9,1.58,189,176,74,0.49,366.1,Yoga,33.1,2.5,1,1,27.2
25,Male,85.7,1.71,193,127,75,1.01,536.2,Cardio,23.5,3.5,1,1,29.31
31,Male,57.6,1.78,192,163,70,0.82,622.5,Cardio,19.7,2.6,1,2,18.18
40,Male,85.7,1.71,184,111,60,1.0,342.8,Cardio,28.3,3.8,3,2,29.31
57,Female,58.3,1.59,162,149,59,0.48,296.6,Strength,34.2,2.4,5,3,23.06
38,Male,76.2,1.78,179,136,69,1.25,684.6,Yoga,19.8,3.2,2,1,24.05
33,Male,72.1,1.84,187,167,56,0.55,457.0,Strength,18.7,3.1,5,3,21.3
62,Female,66.8,1.63,164,128,63,1.56,738.0,Yoga,31.6,3.0,3,3,25.14
35,Male,71.5,1.7,182,147,81,1.56,1002.2,Yoga,23.0,3.3,1,1,24.74
64,Male,92.6,1.81,154,121,62,1.26,483.2,Cardio,30.1,3.6,3,3,28.27
41,Male,64.8,1.72,179,120,74,0.95,343.6,Strength,20.9,2.4,4,2,21.9
43,Female,87.6,1.7,179,160,69,0.46,285.4,Strength,39.0,3.3,4,2,30.31
42,Female,77.5,1.7,172,112,65,0.87,287.0,Strength,34.9,3.0,5,3,26.82
62,Female,65.9,1.63,162,149,60,0.6,365.6,Strength,30.6,2.8,5,3,24.8
58,Female,67.4,1.68,166,139,72,0.79,425.3,Yoga,26.8,3.1,2,1,23.88
46,Female,54.8,1.53,173,153,68,0.87,555.2,Strength,35.0,2.7,2,1,23.41
32,Female,59.8,1.59,196,182,64,0.53,424.1,Strength,34.7,2.5,4,3,23.65
62,Female,63.4,1.59,162,156,82,0.43,283.3,Yoga,36.0,2.3,1,1,25.08
18,Male,76.2,1.79,206,185,65,0.42,440.5,Yoga,20.8,3.1,3,1,23.78
42,Male,75.4,1.84,182,163,77,0.45,350.1,Yoga,19.9,2.7,2,1,22.27
24,Female,73.4,1.71,199,149,58,1.3,722.1,Strength,31.3,2.9,6,3,25.1
26,Male,57.3,1.63,194,123,75,0.99,406.8,Yoga,21.4,2.4,2,1,21.57
41,Male,74.1,1.7,179,135,75,0.85,445.3,Yoga,19.6,3.1,1,1,25.64
18,Female,66.2,1.67,199,122,76,0.9,350.1,Yoga,36.7,2.8,1,1,23.74
61,Male,82.5,1.75,157,103,54,0.97,194.5,Strength,25.8,3.3,5,3,26.94
25,Male,90.6,1.8,194,118,64,1.0,463.5,HIIT,26.3,3.7,3,2,27.96
41,Male,87.6,1.77,179,142,75,1.3,813.5,Cardio,24.2,3.4,1,2,27.96
28,Male,81.2,1.78,197,179,74,0.5,489.9,Yoga,23.6,3.1,2,1,25.63
34,Male,95.9,1.92,180,136,71,1.13,695.4,Yoga,23.8,3.7,2,1,26.01
25,Female,62.9,1.64,199,152,68,1.12,666.2,Strength,31.1,2.5,4,2,23.39
52,Female,73.2,1.65,165,112,69,1.02,355.3,Yoga,32.8,2.9,1,1,26.89
52,Female,80.7,1.72,168,139,53,0.86,436.8,Strength,35.0,3.5,6,3,27.28
50,Male,55.0,1.7,168,142,59,0.75,380.1,Strength,17.4,2.4,5,3,19.03
22,Female,67.8,1.62,204,158,60,0.98,608.8,Yoga,26.7,2.7,3,2,25.83
59,Male,101.3,1.86,160,94,59,0.99,176.7,Strength,27.5,3.4,6,3,29.28
56,Male,72.0,1.76,166,125,50,1.07,411.0,Strength,14.4,3.0,5,3,23.24
58,Male,74.5,1.82,164,125,69,1.26,485.6,Yoga,21.9,3.0,2,1,22.49
45,Male,85.8,1.93,172,151,56,0.65,448.8,Strength,21.1,3.4,6,2,23.03
24,Female,46.2,1.55,196,111,51,0.86,310.5,Strength,23.5,1.7,5,3,19.23
26,Female,72.1,1.7,198,165,71,0.97,642.7,Cardio,29.9,3.6,2,1,24.95
25,Male,82.4,1.83,192,167,81,0.87,768.6,Yoga,23.8,3.9,2,2,24.61
29,Female,67.7,1.64,193,158,66,0.97,610.0,Yoga,35.4,2.8,2,1,25.17
51,Male,85.0,1.81,168,128,71,1.11,513.7,Yoga,24.9,3.4,2,1,25.95
50,Female,62.0,1.69,173,128,84,0.86,403.4,Yoga,28.0,2.7,2,1,21.71
65,Female,67.6,1.63,160,151,60,0.52,323.6,Yoga,35.3,2.7,4,2,25.44
40,Male,93.1,1.89,174,146,63,1.01,687.3,Strength,23.8,3.9,6,3,26.06
41,Female,56.9,1.58,175,106,56,0.89,291.6,Strength,31.3,2.2,5,3,22.79
54,Male,89.8,1.86,165,141,66,0.66,386.4,Strength,20.7,3.7,4,2,25.96
52,Female,67.5,1.65,172,153,72,0.56,348.1,Yoga,36.2,3.3,4,2,24.79
61,Male,65.9,1.72,161,111,71,0.95,214.3,Yoga,15.9,2.9,1,1,22.28
57,Male,82.6,1.8,159,134,77,1.53,754.1,Yoga,27.4,3.3,1,1,25.49
39,Female,62.4,1.63,183,149,79,1.33,786.5,Yoga,33.9,2.6,1,1,23.49
44,Female,72.5,1.64,173,153,62,0.69,416.8,Yoga,40.6,3.0,3,2,26.96
52,Male,65.2,1.66,171,142,69,0.72,381.7,Yoga,26.7,2.7,1,1,23.66
18,Female,59.8,1.73,204,107,57,0.95,289.2,Strength,26.9,2.3,5,3,19.98
52,Female,61.9,1.56,165,149,65,0.5,303.0,Yoga,32.2,2.7,4,2,25.44
54,Male,76.6,1.74,166,144,53,0.85,488.7,Strength,23.6,3.3,5,3,25.3
64,Male,67.1,1.8,160,95,55,1.02,77.1,Strength,15.3,2.8,6,3,20.71
31,Female,73.9,1.65,183,163,53,0.39,254.2,Yoga,31.7,3.3,1,1,27.14
20,Male,81.6,1.74,201,157,64,0.94,756.8,Yoga,24.6,3.5,3,1,26.95
18,Male,69.5,1.8,199,166,61,0.76,651.9,Cardio,21.2,3.1,6,3,21.45
22,Male,70.3,1.78,198,124,57,0.91,426.4,Strength,16.8,2.6,3,2,22.19
43,Female,59.9,1.58,178,150,56,0.73,442.8,Strength,33.3,2.8,6,2,23.99
31,Female,47.2,1.47,195,155,78,1.4,908.4,Strength,28.8,2.5,4,2,21.84
56,Male,88.6,1.82,164,147,57,0.52,327.8,Cardio,27.2,3.8,5,3,26.75
44,Female,66.5,1.63,180,166,82,0.53,370.1,Yoga,41.3,2.8,2,1,25.03
26,Male,63.3,1.75,191,132,53,0.97,494.1,Strength,17.9,2.5,5,2,20.67
32,Female,57.4,1.63,187,120,76,1.01,411.1,Yoga,24.7,2.5,1,1,21.6
32,Male,83.8,1.71,190,140,66,1.4,872.0,HIIT,29.5,3.5,2,1,28.66
43,Male,105.6,1.88,178,136,68,0.84,518.3,Cardio,27.1,4.1,3,2,29.88
59,Female,73.6,1.67,160,147,70,0.46,266.5,Yoga,32.8,2.8,4,2,26.39
30,Male,72.8,1.75,189,111,69,1.06,355.0,Strength,23.8,2.9,4,2,23.77
49,Female,60.3,1.62,175,142,64,0.82,459.9,Yoga,33.7,2.7,3,2,22.98
56,Female,62.7,1.54,163,131,75,1.0,493.4,Yoga,37.7,2.7,1,2,26.44
49,Male,82.9,1.83,168,134,67,1.28,661.6,Yoga,24.7,3.6,3,2,24.75
21,Male,66.7,1.88,196,112,60,0.88,310.3,Strength,13.3,2.6,6,2,18.87
47,Female,70.2,1.58,175,138,73,1.03,530.6,Cardio,35.0,2.6,1,1,28.12
54,Male,93.6,1.79,173,124,79,0.92,407.0,Yoga,22.6,3.7,2,1,29.21
40,Male,80.1,1.72,178,148,73,1.03,681.4,Yoga,23.8,3.8,3,2,27.08
56,Male,64.8,1.77,170,117,72,0.83,241.7,Yoga,17.8,2.6,1,2,20.68
62,Male,76.2,1.85,158,135,74,0.56,262.7,Yoga,21.5,3.0,2,1,22.26
32,Male,57.7,1.79,187,106,61,1.03,248.1,Strength,17.7,2.3,3,3,18.01
60,Female,88.0,1.71,157,122,67,1.22,480.8,Cardio,32.6,3.9,4,2,30.09
46,Female,58.0,1.58,173,154,67,0.73,466.3,Strength,30.2,2.7,3,2,23.23
53,Male,94.4,1.7,165,121,58,1.2,504.5,Strength,31.3,4.0,5,3,32.66
30,Male,103.8,1.82,187,159,66,0.64,548.8,HIIT,35.4,4.0,3,2,31.34
49,Male,71.5,1.83,166,110,65,1.01,269.9,Strength,16.9,3.1,5,2,21.35
24,Female,65.1,1.72,201,112,56,1.02,339.9,Yoga,29.0,2.9,2,1,22.01
39,Male,80.9,1.76,184,109,63,1.12,351.5,Yoga,20.8,3.3,3,2,26.12
45,Female,52.4,1.69,176,161,71,0.69,478.0,Yoga,22.9,2.5,2,1,18.35
19,Female,59.5,1.61,201,187,82,0.47,385.0,Yoga,34.4,2.7,2,2,22.95
59,Female,57.2,1.59,161,145,76,0.61,363.8,Yoga,28.9,2.3,1,1,22.63
62,Male,102.6,1.82,156,143,76,0.54,333.1,Yoga,29.7,3.9,2,1,30.97
23,Female,71.6,1.69,194,133,81,0.99,450.5,Yoga,34.0,3.0,2,2,25.07
45,Male,76.2,1.8,177,163,65,0.48,370.4,Yoga,21.8,3.1,3,2,23.52
45,Female,58.5,1.62,174,157,69,0.34,223.1,Cardio,30.8,2.4,3,1,22.29
61,Male,86.6,1.77,160,127,63,1.22,523.8,Strength,31.8,3.7,4,2,27.64
61,Female,54.0,1.54,154,137,67,0.86,475.5,Yoga,30.0,2.7,1,1,22.77
37,Male,69.5,1.69,182,152,84,0.95,642.4,Yoga,22.8,3.1,2,1,24.33
47,Female,61.3,1.66,170,150,76,0.72,437.9,Yoga,23.9,2.7,1,2,22.25
28,Male,66.4,1.86,193,165,60,0.42,340.6,Strength,15.2,3.0,5,3,19.19
45,Male,70.4,1.83,178,115,67,0.95,304.8,Yoga,21.8,2.9,2,1,21.02
42,Male,75.3,1.82,182,138,77,1.39,766.7,Yoga,18.0,3.5,1,1,22.73
56,Male,84.2,1.89,162,141,74,1.01,569.3,Yoga,21.5,4.0,4,2,23.57
50,Female,65.4,1.66,167,149,64,0.61,364.5,Yoga,29.9,2.6,4,2,23.73
18,Female,69.9,1.7,201,127,66,1.06,439.2,Yoga,35.3,3.0,2,1,24.19
44,Male,78.0,1.85,174,131,58,1.19,583.3,Strength,15.9,3.0,5,3,22.79
30,Female,79.6,1.65,191,139,60,1.22,593.5,Strength,38.7,3.6,4,3,29.24
58,Male,93.2,1.83,158,139,58,0.84,474.9,Cardio,22.1,4.0,4,1,27.83
20,Male,63.8,1.63,195,154,55,0.76,552.7,Strength,22.7,2.9,5,3,24.01
56,Female,65.0,1.6,163,108,71,1.09,372.5,Yoga,36.6,2.5,1,2,25.39
23,Male,80.3,1.86,199,174,61,0.33,312.4,Strength,22.5,3.0,4,2,23.21
25,Male,54.5,1.79,192,118,72,0.85,306.5,Strength,9.4,2.3,3,1,17.01
44,Female,71.9,1.71,179,151,65,0.55,325.7,Strength,36.0,3.0,6,3,24.59
26,Male,82.8,1.8,195,116,60,0.92,386.6,Strength,22.4,3.2,6,3,25.56
54,Male,61.1,1.8,171,151,67,0.63,374.2,Strength,24.4,2.8,4,2,18.86
50,Male,87.9,1.83,168,134,73,0.96,507.1,Yoga,23.2,3.5,1,1,26.25
59,Male,81.4,1.86,156,122,68,0.97,363.8,Yoga,25.4,3.0,1,1,23.53
61,Female,75.1,1.71,161,132,83,1.03,497.1,Yoga,35.2,3.2,2,1,25.68
41,Female,63.5,1.64,180,138,65,1.42,739.7,Yoga,35.3,2.6,3,2,23.61
32,Female,76.7,1.63,189,166,71,1.02,680.4,Cardio,40.2,3.1,1,1,28.87
49,Male,83.8,1.82,168,147,62,0.95,605.2,Strength,21.0,3.7,5,3,25.3
49,Male,91.8,1.81,173,152,65,0.61,430.1,Cardio,27.5,3.5,3,3,28.02
41,Female,68.0,1.55,177,159,61,0.67,433.8,Strength,32.8,3.0,6,3,28.3
58,Male,66.7,1.8,163,146,63,0.32,177.0,HIIT,20.9,2.8,3,2,20.59
29,Male,52.6,1.55,190,167,62,0.38,299.0,Cardio,21.0,2.3,5,3,21.89
56,Male,80.8,1.76,165,105,70,0.93,212.3,Strength,24.4,3.3,4,2,26.08
19,Male,67.9,1.71,197,176,63,0.51,479.8,Strength,17.6,2.5,5,2,23.22
20,Female,59.8,1.59,201,142,55,1.22,647.8,HIIT,33.8,2.4,5,2,23.65
54,Female,81.9,1.68,168,132,65,1.22,564.7,Cardio,44.9,3.4,4,2,29.02
34,Female,59.9,1.6,186,139,75,1.37,721.2,Cardio,28.2,2.6,4,2,23.4
19,Male,73.0,1.86,206,127,64,0.81,414.8,Strength,15.7,2.7,4,2,21.1
19,Female,51.2,1.54,202,187,70,0.49,408.7,Strength,31.6,2.1,4,3,21.59
45,Female,108.8,1.84,178,140,77,1.25,569.9,Strength,41.8,4.5,4,2,32.14
40,Male,79.1,1.82,180,124,50,1.13,499.0,Strength,25.0,3.3,5,2,23.88
54,Male,60.4,1.75,168,131,72,1.24,509.8,Yoga,19.6,2.5,2,1,19.72
49,Female,43.4,1.54,166,131,74,1.4,729.3,Yoga,22.9,2.3,2,1,18.3
50,Female,69.9,1.77,170,146,63,0.81,461.8,Yoga,35.0,2.8,1,1,22.31
18,Female,61.7,1.61,199,183,71,0.71,559.7,Yoga,34.2,2.9,2,1,23.8
36,Female,73.0,1.62,184,165,54,0.6,402.9,Strength,39.4,3.2,6,3,27.82
19,Male,84.2,1.75,202,129,79,1.03,578.9,Yoga,25.6,3.5,2,1,27.49
61,Female,61.9,1.59,161,132,51,0.88,445.8,Strength,31.9,2.9,5,3,24.48
43,Female,64.7,1.68,178,124,75,1.07,461.3,Strength,31.7,2.6,4,3,22.92
49,Male,78.7,1.75,170,135,69,1.54,791.4,Yoga,23.7,3.5,4,3,25.7
23,Female,43.6,1.54,195,105,53,1.12,365.4,Strength,24.7,1.9,5,3,18.38
49,Male,96.3,1.75,164,126,62,1.3,627.5,Strength,28.9,3.9,6,2,31.44
21,Male,75.6,1.68,199,150,77,1.05,757.9,HIIT,28.3,2.9,2,1,26.79
28,Male,75.9,1.66,195,175,57,0.54,501.4,Strength,25.1,3.0,5,2,27.54
34,Female,47.9,1.52,186,168,69,0.56,411.1,Strength,27.6,2.1,1,1,20.73
55,Female,86.8,1.73,165,152,68,0.58,338.3,Strength,36.1,3.6,4,3,29.0
41,Male,72.5,1.78,179,160,66,0.43,320.6,Yoga,19.1,3.0,3,2,22.88
22,Female,52.8,1.58,197,176,69,0.57,435.4,Yoga,33.8,2.6,1,1,21.15
51,Female,67.9,1.67,170,142,52,0.92,505.3,Strength,36.3,3.1,6,3,24.35
23,Male,84.0,1.86,196,167,68,0.38,339.6,Strength,23.3,3.1,1,2,24.28
39,Male,62.7,1.74,178,104,55,0.88,190.7,Strength,16.8,2.7,5,3,20.71
28,Female,52.0,1.56,192,143,80,1.42,795.2,Yoga,31.2,2.5,2,2,21.37
65,Male,68.3,1.8,155,141,70,0.41,201.8,Strength,18.8,2.7,4,3,21.08
33,Female,58.9,1.67,193,166,56,1.03,721.3,Strength,28.3,2.8,6,3,21.12
50,Female,69.3,1.73,168,101,56,0.97,274.2,Strength,32.0,2.7,6,3,23.15
26,Female,50.3,1.6,194,123,70,1.04,450.0,Yoga,34.1,2.0,3,2,19.65
23,Female,50.3,1.51,196,156,75,1.27,814.3,HIIT,30.3,2.0,1,1,22.06
33,Male,94.3,1.83,186,117,67,0.93,410.9,Cardio,30.4,3.9,3,1,28.16
46,Male,80.1,1.71,176,118,69,1.14,425.0,Yoga,28.9,3.3,2,1,27.39
20,Male,66.0,1.78,207,137,73,0.97,562.3,Strength,19.4,2.7,2,1,20.83
37,Male,83.4,1.73,182,114,66,1.01,375.7,Strength,30.0,3.2,3,3,27.87
53,Female,52.7,1.73,169,141,65,0.5,286.2,Strength,23.6,2.5,4,2,17.61
36,Female,94.3,1.69,178,144,78,0.93,463.4,Cardio,50.0,3.4,2,2,33.02
43,Male,103.8,1.89,176,158,69,0.61,494.7,Cardio,29.0,4.1,3,2,29.06
20,Female,57.7,1.6,205,133,68,1.0,477.1,Yoga,26.9,2.6,1,1,22.54
36,Female,67.8,1.62,184,149,63,0.71,410.6,Yoga,33.7,2.5,3,3,25.83
37,Female,47.7,1.56,185,138,62,1.09,594.4,Yoga,26.2,2.1,3,2,19.6
49,Male,88.3,1.89,169,152,63,0.55,382.3,Strength,25.9,3.4,5,3,24.72
24,Male,69.8,1.71,197,151,87,1.45,1023.1,Yoga,25.8,3.0,2,1,23.87
58,Male,70.7,1.81,167,142,63,0.72,380.5,Yoga,15.6,3.0,4,2,21.58
50,Female,67.6,1.72,167,138,65,0.96,502.1,Yoga,32.1,3.3,4,2,22.85
57,Male,77.1,1.85,170,140,61,0.78,414.5,Strength,22.1,3.6,5,3,22.53
56,Male,69.5,1.84,159,99,55,1.05,148.8,Strength,22.0,3.4,6,3,20.53
35,Male,68.9,1.79,184,155,70,0.53,374.9,Strength,21.1,2.8,4,2,21.5
57,Male,68.0,1.87,160,140,65,0.34,171.9,Yoga,21.1,2.8,3,2,19.45
18,Male,81.4,1.72,201,118,51,1.08,494.1,Strength,27.6,3.3,5,3,27.51
28,Male,65.8,1.76,189,149,66,1.25,830.7,Yoga,13.1,2.9,1,1,21.24
45,Female,51.8,1.6,172,154,71,0.54,350.4,Yoga,28.0,2.5,2,2,20.23
42,Female,65.1,1.54,174,119,81,0.89,353.5,Cardio,34.5,2.5,2,1,27.45
40,Male,76.3,1.72,182,159,68,0.74,555.2,Yoga,22.0,3.2,2,1,25.79
48,Male,91.5,1.83,171,131,63,0.87,449.9,Yoga,28.5,3.5,3,2,27.32
47,Female,74.5,1.64,172,145,75,0.67,370.0,Cardio,35.4,2.9,1,2,27.7
59,Female,78.1,1.58,162,150,51,0.5,295.3,Strength,35.5,3.1,5,3,31.29
52,Male,72.5,1.74,164,142,59,0.53,292.0,Strength,18.3,3.1,5,3,23.95
24,Male,60.8,1.77,197,117,64,0.93,346.3,HIIT,18.0,2.7,2,1,19.41
33,Male,84.3,1.82,187,168,77,0.56,489.8,Strength,26.2,3.4,1,1,25.45
43,Male,74.2,1.83,177,138,69,1.19,649.2,Yoga,18.3,3.3,1,1,22.16
65,Female,52.1,1.57,157,104,68,0.98,342.0,Yoga,25.3,1.8,1,1,21.14
19,Male,73.5,1.72,206,154,67,1.22,924.5,Strength,26.0,3.5,4,2,24.84
18,Male,94.2,1.85,203,176,69,1.11,1130.8,Strength,27.0,4.3,4,3,27.52
65,Male,70.7,1.81,154,122,76,1.17,382.8,Yoga,23.3,2.9,2,1,21.58
29,Male,83.7,1.7,187,142,75,1.39,902.6,Cardio,29.4,3.6,1,1,28.96
22,Female,53.9,1.6,191,172,58,0.55,404.9,Yoga,27.7,2.3,6,3,21.05
54,Female,63.6,1.64,166,143,76,0.76,430.6,Yoga,31.2,2.4,1,2,23.65
49,Female,62.1,1.55,167,148,59,0.34,202.7,Strength,30.3,2.5,5,3,25.85
26,Male,66.1,1.69,186,160,56,0.71,547.2,Strength,22.0,3.1,5,3,23.14
58,Male,57.9,1.78,161,144,77,0.81,413.1,Yoga,14.4,2.9,2,1,18.27
52,Female,81.1,1.71,169,122,54,1.18,469.8,Strength,38.9,3.4,6,3,27.74
36,Male,75.6,1.84,186,164,80,0.63,507.2,Yoga,21.9,3.3,1,1,22.33
65,Male,91.8,1.84,158,122,61,1.05,406.7,Strength,26.0,3.7,6,3,27.11
33,Female,56.0,1.67,190,149,87,1.17,698.0,Yoga,26.4,2.5,2,1,20.08
20,Female,53.6,1.61,203,149,60,1.31,769.1,Strength,23.7,2.3,5,3,20.68
37,Female,68.7,1.58,179,154,61,0.76,463.5,Strength,34.8,2.9,5,3,27.52
41,Female,67.4,1.62,179,165,58,0.6,412.2,Strength,36.5,2.8,4,2,25.68
50,Male,74.4,1.8,172,158,79,0.39,275.7,Yoga,18.7,3.0,2,1,22.96
41,Male,81.6,1.78,179,139,81,0.9,523.4,Yoga,22.8,3.4,2,1,25.75
28,Female,59.7,1.68,192,166,83,0.76,527.1,Yoga,20.5,2.6,1,1,21.15
25,Male,82.4,1.82,195,180,74,0.49,490.5,Yoga,25.5,3.0,1,1,24.88
53,Female,69.6,1.67,168,103,64,1.02,304.1,Yoga,34.6,3.1,4,2,24.96
55,Female,66.2,1.69,165,149,60,0.51,306.7,Yoga,36.1,2.5,3,2,23.18
57,Male,63.8,1.72,160,126,54,1.12,410.9,Strength,19.7,2.8,6,3,21.57
37,Female,63.3,1.6,178,107,65,0.85,270.5,Yoga,33.2,2.6,3,1,24.73
52,Male,87.8,1.9,167,142,57,0.78,463.7,Yoga,22.9,3.6,3,1,24.32
65,Male,82.6,1.9,155,111,69,0.9,235.5,Yoga,24.9,3.4,2,1,22.88
42,Male,68.4,1.81,178,109,58,1.01,272.3,Strength,17.9,2.6,6,3,20.88
52,Male,78.6,1.79,171,138,74,0.98,521.5,Yoga,27.3,3.5,2,2,24.53
42,Female,48.1,1.45,181,165,54,0.54,390.4,Strength,30.3,2.6,6,2,22.88
46,Male,63.9,1.75,174,146,53,1.05,608.9,Strength,18.6,3.3,5,3,20.87
35,Female,71.2,1.7,185,110,67,0.93,298.6,HIIT,32.9,2.7,2,1,24.64
63,Female,79.1,1.62,159,123,72,0.95,398.8,Yoga,35.8,2.7,2,2,30.14
35,Female,64.7,1.67,186,171,86,0.61,441.6,Yoga,28.9,2.8,2,1,23.2
19,Female,89.0,1.73,200,121,71,1.18,404.0,Strength,41.2,3.3,4,2,29.74
52,Male,105.7,1.82,170,128,75,0.95,492.9,Yoga,30.3,4.0,2,1,31.91
33,Male,63.3,1.73,187,145,77,1.18,716.0,Yoga,21.3,3.0,1,1,21.15
58,Female,77.7,1.78,162,131,80,1.3,608.9,Yoga,29.4,3.6,1,2,24.52
53,Female,80.6,1.59,168,146,60,0.76,421.0,Strength,44.3,3.8,6,3,31.88
50,Male,63.2,1.62,169,154,56,0.32,204.4,Strength,22.2,2.5,5,3,24.08
21,Female,66.2,1.64,199,118,61,0.86,315.2,Strength,29.4,2.8,4,2,24.61
50,Male,47.2,1.59,171,153,57,0.37,216.1,Strength,17.2,1.5,6,2,18.67
31,Female,66.2,1.71,191,174,80,0.4,294.5,Yoga,27.9,2.3,1,2,22.64
38,Male,78.2,1.72,184,117,64,1.01,385.3,Strength,23.8,3.1,4,2,26.43
65,Female,82.4,1.58,156,138,60,0.61,312.4,Yoga,47.0,3.5,4,2,33.01
37,Female,61.0,1.6,175,150,51,0.6,358.9,Strength,28.5,2.5,5,3,23.83
25,Male,59.9,1.79,196,116,65,0.92,329.2,Strength,16.2,2.6,4,3,18.69
24,Female,49.5,1.59,197,116,67,0.89,344.6,Yoga,26.9,1.9,2,1,19.58
20,Female,64.8,1.63,202,147,63,1.26,698.0,Strength,26.1,2.8,4,2,24.39
34,Male,92.7,1.8,183,162,63,0.42,353.4,HIIT,24.5,3.7,5,3,28.61
50,Female,70.2,1.62,164,113,57,0.9,322.2,Strength,41.7,3.0,6,3,26.75
65,Male,80.0,1.75,157,101,54,0.84,137.5,Strength,24.0,3.0,5,3,26.12
29,Male,93.2,1.79,187,162,59,1.0,857.4,HIIT,23.5,4.1,5,3,29.09
39,Female,55.6,1.59,185,148,85,1.64,979.5,Yoga,25.7,2.3,1,1,21.99
39,Female,60.6,1.57,179,113,73,1.01,367.4,Strength,30.6,2.5,2,2,24.59
63,Female,64.0,1.68,154,138,59,1.02,554.2,Yoga,30.6,3.3,1,1,22.68
47,Female,68.9,1.71,174,101,60,0.94,263.4,Strength,28.9,2.7,6,2,23.56
55,Female,62.1,1.72,167,113,67,1.0,378.0,Strength,28.4,2.4,3,3,20.99
55,Female,59.6,1.6,167,113,58,1.07,409.3,Strength,34.1,2.7,6,3,23.28
62,Female,68.9,1.68,160,138,72,0.69,368.1,Yoga,29.9,3.4,2,1,24.41
25,Male,71.9,1.76,193,178,61,0.48,457.4,Strength,18.2,3.3,4,2,23.21
44,Female,64.4,1.64,171,105,64,0.97,301.5,Strength,26.2,2.7,5,3,23.94
44,Male,75.8,1.71,175,105,56,1.04,258.6,Yoga,25.9,3.2,3,2,25.92
51,Female,73.8,1.6,166,143,72,0.51,277.9,Yoga,37.4,3.3,2,1,28.83
38,Female,81.1,1.67,183,125,72,0.93,374.3,Cardio,35.6,3.3,1,2,29.08
47,Male,86.1,1.78,176,139,61,1.14,657.8,Strength,27.2,3.6,5,3,27.17
50,Female,50.8,1.59,171,114,62,1.11,443.5,Strength,31.3,2.2,6,2,20.09
45,Female,60.2,1.61,175,137,72,1.31,687.4,Yoga,34.7,3.1,1,2,23.22
64,Male,79.7,1.84,155,142,75,0.55,295.2,Yoga,19.6,3.4,2,2,23.54
50,Female,53.3,1.55,173,155,75,1.14,750.1,Yoga,32.9,2.7,2,1,22.19
22,Female,65.8,1.6,193,172,62,0.39,278.7,Strength,32.3,2.5,6,3,25.7
65,Female,51.5,1.65,151,104,71,1.07,374.6,Yoga,22.0,1.9,3,2,18.92
36,Male,89.0,1.71,189,139,55,1.21,746.7,Strength,31.4,3.3,6,3,30.44
21,Female,84.9,1.72,195,172,68,0.85,577.1,HIIT,35.9,3.5,4,2,28.7
52,Female,67.8,1.61,170,115,76,1.02,384.8,Yoga,32.9,3.0,1,2,26.16
34,Female,59.9,1.57,188,161,65,0.69,460.6,Yoga,34.0,2.7,3,2,24.3
61,Female,85.2,1.72,153,137,59,0.64,317.7,Strength,39.0,3.2,5,3,28.8
45,Male,78.7,1.71,170,113,66,1.0,326.4,Strength,25.8,3.0,4,2,26.91
47,Male,83.0,1.71,177,159,66,0.42,314.6,Cardio,27.1,3.3,3,1,28.38
46,Female,62.2,1.6,171,103,65,0.96,292.0,Yoga,35.7,2.9,1,1,24.3
63,Female,72.0,1.53,154,110,68,1.08,377.2,Yoga,36.6,2.7,2,1,30.76
23,Male,76.9,1.64,195,172,61,0.38,349.1,Strength,24.7,3.1,5,3,28.59
52,Male,80.5,1.75,165,124,53,1.16,476.6,Strength,30.9,3.2,6,3,26.29
58,Female,77.7,1.64,164,108,76,1.11,356.1,Yoga,36.4,3.1,1,1,28.89
54,Male,77.1,1.83,162,144,65,0.72,414.9,Strength,16.6,3.0,4,2,23.02
41,Female,52.9,1.61,173,110,71,1.15,414.6,Strength,28.4,2.4,4,2,20.41
46,Male,82.1,1.79,177,118,77,0.84,317.9,HIIT,25.3,3.1,2,1,25.62
63,Male,76.1,1.77,154,130,71,1.07,450.2,Yoga,19.8,3.4,2,1,24.29
48,Male,76.3,1.79,170,153,57,0.5,336.4,Strength,20.2,3.3,5,2,23.81
52,Male,88.1,1.75,170,121,50,0.93,377.0,Strength,25.5,3.7,6,3,28.77
50,Female,78.6,1.77,170,121,57,1.37,539.9,HIIT,32.8,3.2,5,3,25.09
38,Male,68.4,1.64,185,163,66,0.86,661.9,Yoga,20.8,3.1,2,1,25.43
49,Male,78.2,1.83,174,154,72,0.64,438.0,Yoga,23.4,3.4,2,1,23.35
40,Female,76.0,1.66,179,111,62,0.85,275.5,Strength,34.4,3.0,4,3,27.58
50,Male,92.3,1.85,173,112,68,0.89,304.1,Yoga,19.7,3.7,2,1,26.97
20,Male,82.5,1.73,201,132,71,1.08,628.0,HIIT,27.4,3.3,3,2,27.57
35,Female,59.7,1.62,183,114,66,1.25,459.4,Yoga,24.3,2.5,1,2,22.75
42,Male,91.1,1.77,179,108,68,1.06,344.7,Cardio,24.3,3.4,2,1,29.08
59,Female,76.3,1.57,157,136,55,0.91,458.6,Strength,44.8,3.7,5,3,30.95
48,Female,74.7,1.65,175,102,56,0.92,255.0,Strength,35.6,2.9,6,3,27.44
20,Female,64.1,1.72,202,107,54,0.98,292.8,Cardio,22.8,2.5,6,3,21.67
57,Female,59.1,1.65,163,147,56,0.44,265.6,Strength,29.0,2.2,6,3,21.71
63,Male,71.8,1.76,151,96,67,1.05,105.9,Yoga,15.1,2.9,3,2,23.18
41,Female,56.2,1.58,182,135,60,1.39,715.7,Strength,30.7,2.3,5,3,22.51
49,Male,78.6,1.8,172,147,69,0.83,516.4,Yoga,20.2,3.3,3,2,24.26
64,Male,96.4,1.9,156,133,62,0.92,462.7,Yoga,22.6,4.3,2,1,26.7
39,Male,88.3,1.86,180,146,76,0.8,535.8,Yoga,20.9,3.8,1,2,25.52
40,Male,77.2,1.75,178,135,59,1.46,782.1,Strength,17.9,3.0,6,3,25.21
19,Male,78.4,1.82,200,123,55,0.91,447.0,Strength,18.6,3.3,5,3,23.67
44,Male,84.8,1.87,178,142,64,1.01,615.2,Strength,22.7,3.8,6,3,24.25
59,Male,89.4,1.81,159,124,71,1.06,440.9,Yoga,29.0,3.8,3,2,27.29
19,Male,55.3,1.78,200,176,65,0.5,452.5,HIIT,14.0,2.6,4,3,17.45
43,Male,80.1,1.81,177,119,70,0.88,343.6,Yoga,23.3,2.8,2,2,24.45
34,Male,76.3,1.73,186,149,83,1.3,880.3,Yoga,21.6,3.3,1,1,25.49
57,Female,75.1,1.66,161,117,73,1.01,386.0,Yoga,33.5,3.4,2,1,27.25
50,Female,55.7,1.63,169,151,66,0.57,357.9,Yoga,27.3,2.4,4,1,20.96
26,Female,57.3,1.66,195,153,74,0.85,520.6,Yoga,28.0,2.5,1,1,20.79
60,Male,80.4,1.74,157,114,77,1.01,299.9,Strength,27.7,3.3,4,2,26.56
65,Female,46.2,1.61,155,125,72,1.28,632.8,Yoga,24.4,2.3,2,2,17.82
56,Female,75.6,1.61,170,140,65,0.65,343.0,Yoga,40.8,3.2,3,2,29.17
46,Female,64.8,1.6,174,120,69,1.05,428.9,Yoga,39.4,2.3,2,1,25.31
59,Male,87.6,1.71,158,127,71,0.74,324.1,Yoga,30.7,3.3,2,1,29.96
43,Male,67.1,1.8,174,146,67,0.78,466.2,Yoga,16.0,2.9,2,1,20.71
52,Male,72.0,1.77,164,150,54,0.64,398.0,Strength,27.1,3.2,5,2,22.98
42,Male,50.3,1.72,183,103,56,0.99,162.0,Strength,14.9,2.4,4,2,17.0
41,Female,62.0,1.69,182,120,70,0.93,379.6,Strength,29.3,2.5,4,2,21.71
30,Female,61.8,1.61,186,164,58,0.49,332.7,Strength,34.2,2.3,6,3,23.84
24,Female,45.1,1.6,197,171,67,0.81,605.7,Strength,22.5,2.3,4,2,17.62
53,Female,57.0,1.57,171,158,57,0.59,397.5,Strength,31.6,2.3,6,3,23.12
62,Male,55.0,1.77,158,98,58,1.01,74.7,Strength,12.1,2.2,5,3,17.56
37,Male,77.3,1.81,182,142,74,1.35,820.7,Strength,25.2,3.7,3,3,23.6
18,Male,104.0,1.91,209,168,54,0.81,789.2,Strength,32.8,4.2,6,2,28.51
25,Female,67.2,1.66,189,165,75,0.69,462.6,Yoga,35.7,2.6,2,2,24.39
63,Male,103.7,1.85,165,135,67,0.59,321.4,Strength,31.8,4.2,3,2,30.3
33,Male,71.5,1.62,187,170,62,0.54,462.4,Strength,24.2,3.1,5,3,27.24
31,Female,79.5,1.65,193,177,68,0.3,219.4,Strength,44.4,3.2,4,3,29.2
29,Female,55.9,1.6,187,139,59,0.85,449.1,Strength,31.8,2.5,6,3,21.84
40,Male,70.4,1.8,178,134,66,0.92,466.7,HIIT,22.7,2.9,2,1,21.73
32,Male,90.9,1.88,185,156,69,0.91,717.0,Yoga,28.4,3.9,1,1,25.72
45,Male,54.2,1.69,175,135,66,0.9,410.1,Strength,19.3,2.4,1,2,18.98
51,Male,86.6,1.82,170,157,53,0.55,401.3,Yoga,23.9,3.8,3,2,26.14
19,Male,72.4,1.76,204,152,67,0.99,729.2,Yoga,22.3,2.7,4,2,23.37
49,Male,100.9,1.86,166,151,72,0.49,353.8,Yoga,23.5,3.8,1,1,29.17
40,Female,68.0,1.59,180,138,67,1.19,608.9,Yoga,37.6,3.0,3,3,26.9
39,Female,85.8,1.74,184,115,58,0.98,324.3,Yoga,35.2,3.4,5,3,28.34
42,Female,50.5,1.52,181,161,67,0.44,304.9,Yoga,31.9,1.8,3,2,21.86
39,Male,92.3,1.81,180,117,72,0.84,351.8,Cardio,22.1,3.5,3,2,28.17
39,Female,81.4,1.66,180,165,66,0.5,329.8,Cardio,38.0,3.3,3,2,29.54
59,Male,72.1,1.72,161,129,78,1.31,539.6,Yoga,21.1,3.1,2,1,24.37
23,Male,68.6,1.77,198,130,64,1.07,551.1,Strength,22.6,2.8,3,2,21.9
32,Female,64.3,1.71,192,144,61,1.22,669.0,Strength,29.1,3.2,6,3,21.99
60,Male,90.3,1.77,156,139,59,0.53,292.2,Cardio,29.9,3.6,3,3,28.82
54,Male,106.2,1.77,164,103,62,0.92,265.3,Yoga,28.9,4.1,2,1,33.9
50,Female,43.1,1.43,166,151,86,0.87,566.2,Yoga,26.8,2.2,2,1,21.08
25,Female,58.7,1.68,196,151,65,1.28,762.9,Strength,29.3,2.6,5,3,20.8
61,Female,72.8,1.62,162,145,56,0.47,268.0,Yoga,38.6,2.9,4,1,27.74
61,Male,75.6,1.86,155,110,73,1.0,244.2,Yoga,10.6,2.6,1,1,21.85
22,Female,76.4,1.65,198,146,74,1.19,629.1,Cardio,36.3,3.0,1,1,28.06
56,Female,67.7,1.61,167,103,69,1.05,320.0,Yoga,32.3,2.7,3,2,26.12
21,Male,72.2,1.72,201,145,64,0.89,593.5,Strength,22.8,3.0,5,2,24.41
23,Female,74.4,1.69,199,154,60,0.89,520.4,Yoga,32.0,2.9,3,1,26.05
62,Female,70.3,1.65,154,126,67,0.9,408.5,Yoga,32.8,2.7,1,2,25.82
49,Female,64.2,1.64,173,111,73,0.96,340.8,Yoga,34.0,2.8,2,1,23.87
47,Male,62.8,1.85,172,117,61,1.05,327.1,Strength,18.3,2.9,4,3,18.35
64,Male,77.8,1.76,159,108,47,0.75,167.8,Strength,21.7,2.7,5,3,25.12
52,Male,97.2,1.8,169,150,72,0.81,561.9,Yoga,26.7,4.1,2,1,30.0
57,Male,60.5,1.79,161,141,70,0.98,483.3,Strength,16.1,2.4,4,2,18.88
33,Female,52.7,1.58,188,158,57,0.84,554.6,Strength,30.4,2.5,5,3,21.11
30,Male,82.4,1.78,192,173,60,0.3,277.0,Strength,25.2,3.5,5,3,26.01
59,Male,78.1,1.78,159,134,76,0.88,417.3,Yoga,28.9,3.5,1,1,24.65
47,Female,78.5,1.74,173,104,67,1.02,287.7,Yoga,34.6,2.9,2,1,25.93
36,Female,58.6,1.63,180,143,58,0.75,417.4,Strength,29.8,2.4,5,3,22.06
34,Female,89.5,1.77,188,106,51,1.02,266.4,Strength,36.6,3.4,6,3,28.57
36,Male,87.2,1.88,184,166,55,0.36,308.2,Yoga,21.0,3.2,5,2,24.67
45,Male,91.2,1.84,178,116,66,1.01,393.1,Yoga,23.0,3.2,4,1,26.94
43,Male,78.5,1.75,179,122,73,1.05,433.7,Yoga,23.3,3.2,1,2,25.63
54,Female,76.9,1.75,165,103,59,0.93,266.0,Yoga,33.7,3.2,3,2,25.11
43,Female,61.7,1.52,174,145,67,0.73,417.0,Yoga,39.0,2.7,1,1,26.71
40,Male,89.8,1.89,177,133,67,1.09,603.3,Yoga,26.6,4.0,3,2,25.14
26,Female,51.4,1.59,192,118,78,0.95,378.7,Yoga,26.4,2.1,2,2,20.33
29,Female,69.8,1.57,194,162,72,0.68,442.5,Cardio,40.4,3.2,2,2,28.32
18,Female,72.7,1.63,197,159,56,0.68,417.9,Strength,37.8,2.8,5,3,27.36
18,Male,55.5,1.8,199,169,61,0.88,743.6,Strength,15.7,2.7,6,2,17.13
64,Female,59.7,1.64,159,131,69,0.85,431.2,Yoga,30.9,2.5,2,2,22.2
51,Female,75.7,1.64,173,131,64,1.24,576.0,Strength,35.5,3.0,5,3,28.15
49,Male,59.3,1.81,168,134,65,1.3,584.4,Yoga,15.5,2.6,1,1,18.1
65,Male,82.3,1.72,152,121,80,0.93,326.6,Yoga,24.1,3.1,2,1,27.82
42,Female,68.6,1.69,182,164,77,0.49,332.9,Strength,35.9,2.7,1,1,24.02
57,Female,86.4,1.72,163,132,88,1.02,467.1,Yoga,40.5,3.4,1,2,29.2
62,Male,75.0,1.75,155,109,53,1.43,329.7,Cardio,18.6,2.9,6,2,24.49
18,Male,65.8,1.73,205,150,59,1.16,814.9,Yoga,24.4,2.9,2,1,21.99
33,Female,73.1,1.69,189,124,81,1.15,466.0,Yoga,27.3,3.1,1,1,25.59
56,Female,62.4,1.6,166,105,52,1.13,369.7,Strength,25.9,2.6,6,3,24.37
22,Female,54.1,1.58,195,147,60,1.26,725.1,HIIT,32.4,2.4,6,2,21.67
39,Female,85.7,1.63,182,166,81,0.71,467.3,Cardio,44.1,3.4,2,1,32.26
46,Male,67.6,1.79,178,101,59,0.84,154.0,Strength,21.3,2.5,6,3,21.1
20,Female,46.8,1.66,202,174,75,1.02,774.9,HIIT,22.1,2.4,2,1,16.98
29,Female,78.8,1.62,194,131,76,0.97,422.5,Cardio,40.5,3.3,2,1,30.03
43,Male,74.4,1.82,181,160,70,0.78,581.2,Yoga,22.8,3.2,3,2,22.46
33,Female,56.4,1.55,188,123,77,0.95,407.6,Yoga,28.9,2.3,1,1,23.48
54,Male,76.2,1.81,164,124,59,0.91,357.5,Strength,23.4,3.1,4,3,23.26
39,Female,62.8,1.67,184,120,84,1.06,428.9,Yoga,27.9,2.4,2,1,22.52
46,Female,56.6,1.61,171,137,74,0.95,505.7,Yoga,29.4,2.1,1,1,21.84
31,Male,75.1,1.89,188,145,60,1.08,697.9,Strength,14.1,3.0,6,3,21.02
45,Male,73.2,1.72,177,105,60,0.95,226.5,Strength,26.0,2.8,5,3,24.74
22,Female,59.1,1.6,188,159,80,0.95,611.2,Yoga,30.6,2.6,2,1,23.09
64,Female,71.9,1.63,157,135,62,0.79,403.6,Strength,37.2,3.3,6,3,27.06
47,Female,68.7,1.62,174,106,58,0.76,237.6,Strength,36.3,3.1,6,3,26.18
63,Male,68.1,1.79,154,116,58,1.02,276.7,Strength,20.8,2.5,6,3,21.25
22,Female,64.5,1.61,199,157,59,0.57,353.9,Strength,35.0,2.6,6,3,24.88
29,Male,65.8,1.69,192,170,62,0.55,468.4,Strength,19.9,2.8,6,3,23.04
33,Male,62.2,1.72,187,140,67,0.96,536.1,Yoga,20.4,2.2,2,1,21.02
43,Female,64.7,1.55,181,118,69,0.94,369.1,Strength,31.6,2.6,4,2,26.93
43,Male,84.2,1.87,180,138,61,1.55,889.8,Strength,25.7,3.5,3,3,24.08
65,Female,60.6,1.62,157,143,65,0.56,326.9,Strength,33.1,2.7,6,3,23.09
38,Female,60.0,1.67,179,161,59,0.38,255.2,Strength,33.2,2.2,6,2,21.51
56,Female,56.9,1.65,164,138,63,0.92,504.9,Yoga,28.1,2.6,3,1,20.9
53,Female,89.9,1.69,171,157,76,0.43,261.3,Yoga,45.6,3.7,2,2,31.48
50,Female,64.9,1.59,169,137,74,1.36,709.3,Yoga,33.9,2.9,1,1,25.67
47,Male,63.3,1.75,178,142,57,0.74,399.0,Strength,22.1,3.0,5,3,20.67
54,Male,75.5,1.72,168,152,50,0.4,257.7,Strength,24.4,2.6,5,2,25.52
40,Female,67.8,1.55,185,157,67,0.64,405.7,Cardio,41.8,2.8,1,2,28.22
27,Female,65.8,1.62,190,165,73,0.84,567.0,Yoga,31.5,3.3,2,2,25.07
22,Male,77.9,1.63,198,114,51,1.09,435.7,Strength,28.2,3.1,5,3,29.32
53,Male,56.5,1.72,167,142,63,0.86,432.1,Strength,13.5,2.6,3,1,19.1
51,Male,54.9,1.77,171,142,71,0.74,372.7,Yoga,12.0,2.5,1,1,17.52
48,Male,71.7,1.68,170,150,62,0.32,202.4,Strength,22.8,3.1,4,2,25.4
27,Female,64.4,1.59,188,141,78,1.07,560.3,Strength,35.4,2.5,2,1,25.47
36,Female,43.5,1.6,185,148,68,0.95,585.2,Yoga,26.4,2.0,1,1,16.99
49,Male,69.1,1.76,170,148,58,0.64,386.7,Strength,19.5,3.0,5,2,22.31
18,Female,56.4,1.64,201,154,71,1.12,685.4,Yoga,32.1,2.1,2,1,20.97
22,Male,68.6,1.87,196,164,65,0.85,701.7,Strength,15.6,3.0,3,2,19.62
62,Female,53.7,1.6,158,120,83,0.97,432.2,Yoga,27.8,2.1,2,1,20.98
21,Male,79.6,1.73,196,171,75,0.86,793.9,Yoga,23.6,3.2,2,1,26.6
33,Female,50.3,1.55,186,151,67,0.91,563.9,Strength,27.0,2.7,3,3,20.94
41,Male,61.6,1.71,177,104,54,1.23,255.6,Strength,22.0,2.4,6,3,21.07
33,Male,54.4,1.7,185,162,69,0.45,330.8,Strength,20.2,2.4,3,2,18.82
19,Female,74.1,1.6,202,161,77,0.96,600.8,Cardio,37.6,3.2,2,1,28.95
45,Male,75.2,1.7,177,158,68,0.84,607.8,Yoga,23.4,3.6,3,1,26.02
49,Female,46.3,1.65,170,152,53,0.44,286.2,Strength,28.7,1.9,6,3,17.01
44,Female,58.7,1.67,179,144,70,0.72,411.3,Yoga,29.6,2.7,1,1,21.05
37,Male,87.3,1.82,180,154,73,0.87,648.2,Strength,24.1,3.6,3,3,26.36
41,Female,80.8,1.67,174,134,62,1.14,528.9,Cardio,37.9,2.9,3,2,28.97
29,Female,75.6,1.66,187,169,83,0.51,349.4,Yoga,35.2,2.7,2,1,27.44
52,Female,61.0,1.62,165,138,70,0.9,483.4,Yoga,31.4,2.5,1,2,23.24
50,Female,48.3,1.65,166,146,66,1.17,712.9,Strength,23.3,2.7,4,2,17.74
50,Female,73.2,1.63,176,116,65,1.0,371.8,Strength,35.5,3.0,4,3,27.55
60,Male,74.3,1.78,155,101,54,0.89,144.1,Strength,19.2,3.1,5,3,23.45
54,Female,66.5,1.64,169,102,61,1.04,310.3,Strength,30.2,2.6,3,2,24.72
29,Female,58.9,1.57,191,171,62,0.73,531.5,Yoga,31.1,2.2,3,2,23.9
20,Female,52.5,1.63,201,174,74,1.08,809.4,Yoga,24.6,3.0,1,1,19.76
18,Female,70.2,1.65,199,116,61,0.95,326.1,Strength,34.6,3.0,6,3,25.79
50,Female,68.9,1.65,171,128,66,1.2,547.9,Yoga,36.2,3.0,4,2,25.31
57,Male,78.8,1.85,160,126,57,1.32,540.7,Strength,20.1,3.5,5,3,23.02
27,Female,62.8,1.55,196,148,81,1.3,742.9,Yoga,34.0,2.7,1,1,26.14
60,Male,72.6,1.92,163,129,66,1.48,607.4,Yoga,14.9,3.2,3,2,19.69
61,Male,64.1,1.65,159,148,63,0.57,316.5,HIIT,19.1,2.6,4,2,23.54
46,Male,80.6,1.81,174,109,54,1.23,360.1,Yoga,22.7,3.1,5,3,24.6
30,Male,53.3,1.7,191,163,81,0.87,652.3,Yoga,11.6,2.2,2,1,18.44
29,Female,65.4,1.64,192,110,64,1.13,367.5,Strength,33.7,2.6,4,2,24.32
48,Male,91.6,1.84,175,128,55,1.11,544.2,Strength,24.2,4.2,5,3,27.06
63,Male,72.6,1.76,160,139,70,1.1,541.4,Yoga,25.2,3.1,1,1,23.44
19,Female,57.8,1.54,201,189,81,0.47,392.4,Yoga,27.4,2.2,2,1,24.37
52,Female,71.2,1.64,167,106,55,1.15,360.4,Strength,35.3,3.0,5,3,26.47
40,Female,58.5,1.59,182,150,61,0.93,563.5,HIIT,33.9,3.3,5,2,23.14
34,Male,74.3,1.78,186,151,64,0.81,558.5,Yoga,20.6,3.0,3,2,23.45
43,Female,61.0,1.73,177,127,53,1.5,685.5,Strength,30.3,2.6,6,3,20.38
25,Female,65.8,1.64,197,146,64,1.2,661.3,Strength,31.3,2.9,4,2,24.46
46,Male,66.6,1.69,177,107,65,1.14,267.6,Yoga,21.2,2.9,3,2,23.32
43,Female,74.1,1.68,178,164,73,0.54,362.1,Yoga,34.9,2.9,2,1,26.25
27,Female,82.0,1.76,191,155,57,0.74,430.4,Strength,29.7,3.3,6,3,26.47
43,Female,68.1,1.58,182,135,56,1.26,624.3,Strength,41.5,3.0,5,2,27.28
51,Female,62.6,1.66,174,114,62,1.0,379.2,Yoga,34.0,2.5,3,2,22.72
58,Male,52.1,1.75,159,123,58,1.11,336.9,Strength,12.1,2.3,6,2,17.01
24,Female,65.9,1.56,193,110,68,1.02,325.3,Strength,39.7,2.7,4,2,27.08
21,Female,70.8,1.65,197,138,65,1.28,622.7,Yoga,33.1,3.1,2,2,26.01
62,Male,71.4,1.79,161,149,81,0.3,174.6,Yoga,18.0,2.8,1,1,22.28
28,Female,80.1,1.74,198,166,47,0.88,577.8,Yoga,33.7,3.1,3,2,26.46
46,Male,67.9,1.87,172,132,74,1.35,627.3,Yoga,16.9,2.8,2,1,19.42
53,Female,71.1,1.59,168,143,76,1.02,563.0,Yoga,31.9,3.4,1,1,28.12
42,Male,69.0,1.72,176,101,62,0.88,175.0,Strength,21.9,2.9,3,3,23.32
38,Male,65.4,1.74,187,166,61,0.4,315.3,Yoga,24.3,2.5,2,1,21.6
53,Male,76.4,1.85,169,148,73,0.83,509.1,Yoga,24.2,3.0,2,2,22.32
27,Male,70.1,1.72,191,145,58,1.06,682.1,Strength,22.0,3.1,6,3,23.7
54,Female,61.1,1.58,160,143,60,0.62,354.1,Yoga,30.5,2.8,3,2,24.48
26,Male,85.3,1.86,197,160,69,0.74,610.8,Yoga,21.9,3.6,2,1,24.66
41,Female,60.4,1.62,177,108,61,0.96,320.8,Strength,35.8,2.4,5,3,23.01
52,Male,79.8,1.78,171,150,66,0.4,257.6,Yoga,25.3,3.2,3,2,25.19
52,Male,79.5,1.8,169,153,64,0.4,268.1,Yoga,23.6,3.0,2,1,24.54
65,Male,72.8,1.81,149,126,59,0.78,288.1,Strength,18.3,3.3,6,3,22.22
53,Female,66.5,1.75,165,138,68,0.58,306.4,Yoga,27.1,3.2,1,1,21.71
35,Male,80.6,1.74,184,113,69,0.85,306.7,Yoga,27.1,3.1,1,2,26.62
56,Female,74.3,1.68,162,137,58,0.81,413.8,Strength,33.6,3.4,5,3,26.33
49,Female,61.7,1.58,171,109,66,1.15,398.7,Yoga,35.5,2.5,3,1,24.72
41,Female,82.1,1.72,180,157,56,0.57,347.2,Cardio,31.4,3.5,6,3,27.75
40,Female,41.3,1.53,185,171,70,0.62,478.5,Yoga,21.5,1.9,2,1,17.64
49,Female,69.8,1.76,172,111,72,0.82,282.8,Yoga,34.8,3.1,2,1,22.53
54,Female,57.7,1.68,170,148,69,0.59,359.5,Yoga,18.3,2.4,1,1,20.44
29,Female,98.1,1.74,190,173,62,0.5,335.0,Yoga,42.1,3.7,6,3,32.4
30,Female,63.2,1.53,193,136,51,1.37,680.8,Cardio,40.3,2.7,5,3,27.0
40,Female,65.2,1.64,179,120,72,1.06,425.4,Yoga,38.0,2.7,1,1,24.24
42,Male,89.3,1.81,175,159,65,0.37,289.2,Yoga,23.2,3.5,1,1,27.26
52,Male,85.0,1.73,165,151,61,0.61,407.5,Strength,23.3,3.4,5,3,28.4
58,Male,85.9,1.74,154,141,64,0.49,275.7,Cardio,29.6,3.4,3,2,28.37
47,Male,91.8,1.82,176,140,67,1.36,819.1,Yoga,28.7,3.8,2,1,27.71
34,Male,76.4,1.8,182,140,69,1.08,643.7,Cardio,16.6,3.0,3,1,23.58
37,Female,59.7,1.62,187,132,48,0.89,431.7,Strength,29.6,2.5,6,3,22.75
65,Female,52.1,1.57,154,128,67,0.93,467.7,Cardio,22.8,2.5,4,2,21.14
42,Female,63.1,1.55,173,114,71,1.05,387.2,Strength,36.1,3.0,4,2,26.26
39,Female,66.0,1.66,178,155,66,0.61,380.2,Strength,31.4,2.9,4,2,23.95
30,Female,64.2,1.67,191,136,55,1.07,529.8,Strength,31.0,2.8,5,3,23.02
36,Female,66.8,1.71,178,122,66,1.07,435.5,HIIT,23.4,2.7,1,1,22.84
53,Female,75.7,1.6,169,146,71,0.83,467.2,Yoga,31.0,3.2,3,2,29.57
29,Male,87.2,1.77,186,165,79,0.88,763.3,Cardio,25.3,3.9,2,1,27.83
58,Male,88.3,1.69,160,128,62,0.72,325.4,Strength,30.4,3.7,4,3,30.92
36,Male,77.1,1.71,185,142,62,1.48,903.2,Strength,26.1,2.8,3,3,26.37
29,Male,80.0,1.8,192,167,71,0.49,423.8,Strength,21.8,3.6,4,2,24.69
26,Female,64.1,1.62,196,132,68,0.76,353.7,Strength,30.2,2.7,4,3,24.42
24,Female,50.3,1.55,192,147,63,1.22,713.1,Yoga,27.4,2.2,2,1,20.94
45,Female,59.4,1.72,174,113,57,1.06,394.6,Strength,25.8,2.6,6,2,20.08
31,Male,88.0,1.83,192,141,57,1.26,814.9,Strength,21.9,3.7,6,3,26.28
48,Female,56.4,1.63,171,136,58,0.74,391.0,Strength,22.9,2.7,6,3,21.23
36,Female,70.4,1.67,185,146,58,0.51,282.8,Strength,31.6,2.7,5,3,25.24
64,Female,80.2,1.68,156,141,70,0.44,235.1,Yoga,40.8,3.2,1,1,28.42
33,Male,64.1,1.7,191,166,58,0.44,351.6,Strength,22.8,2.7,5,3,22.18
22,Female,93.3,1.72,197,115,63,0.93,278.3,HIIT,41.8,3.9,3,3,31.54
52,Male,62.2,1.72,164,149,71,0.56,327.5,Strength,14.1,2.6,5,2,21.02
29,Male,89.6,1.79,188,172,66,0.47,440.7,HIIT,25.9,3.6,3,2,27.96
42,Male,83.3,1.79,179,122,65,1.14,489.8,Yoga,17.9,3.2,3,2,26.0
38,Male,80.0,1.67,177,148,85,1.15,767.1,Cardio,22.9,3.3,1,1,28.69
53,Female,51.4,1.58,165,150,65,0.62,392.2,Yoga,25.8,2.5,2,1,20.59
40,Male,104.4,1.79,180,139,73,1.24,805.3,Cardio,35.0,4.0,1,1,32.58
33,Male,72.3,1.74,185,164,54,0.84,675.6,Strength,23.9,3.1,6,2,23.88
56,Female,74.9,1.67,165,150,60,0.43,255.1,Strength,36.7,2.8,6,3,26.86
62,Female,78.5,1.63,160,134,56,0.6,294.2,Strength,40.0,3.0,5,3,29.55
59,Male,80.0,1.89,162,139,68,0.79,414.7,Strength,18.5,3.3,3,2,22.4
56,Female,84.8,1.76,159,131,68,1.54,698.2,Yoga,33.4,3.7,4,2,27.38
31,Male,70.6,1.8,189,118,69,0.95,369.6,Strength,22.2,2.8,4,2,21.79
48,Male,96.3,1.81,172,154,68,0.44,325.1,Strength,26.2,3.6,3,3,29.39
22,Male,71.5,1.81,197,149,72,1.17,816.8,Strength,13.9,3.4,1,2,21.82
52,Male,71.2,1.7,169,107,65,1.18,272.0,Yoga,26.2,2.8,2,1,24.64
40,Female,63.8,1.58,181,156,80,0.92,584.0,Yoga,33.7,3.1,1,1,25.56
46,Male,100.4,1.92,174,156,73,0.62,480.2,Yoga,26.7,4.1,3,2,27.24
60,Female,90.7,1.7,157,140,61,0.5,252.3,Yoga,41.7,3.6,3,2,31.38
28,Female,62.4,1.65,192,169,78,0.68,481.4,Yoga,27.1,2.4,2,1,22.92
35,Female,77.6,1.65,191,168,53,0.42,286.2,Strength,37.9,3.3,5,3,28.5
64,Female,83.4,1.63,155,90,58,1.11,223.6,Strength,44.9,3.4,5,3,31.39
29,Male,69.9,1.67,194,114,76,1.07,381.6,Yoga,28.2,3.1,2,1,25.06
26,Female,66.0,1.71,194,180,56,0.61,469.6,Strength,33.2,3.0,5,3,22.57
27,Male,62.4,1.84,191,167,66,0.31,254.4,Strength,19.9,2.8,4,2,18.43
61,Female,84.6,1.65,158,126,61,1.42,606.3,HIIT,41.6,3.3,5,3,31.07
34,Female,56.1,1.54,186,139,57,1.33,709.3,Strength,33.0,2.4,5,3,23.65
55,Male,69.5,1.82,167,137,55,0.66,322.4,Strength,17.9,2.8,5,3,20.98
24,Male,60.5,1.75,203,173,59,0.48,421.5,Strength,18.7,2.3,4,2,19.76
63,Male,70.3,1.83,157,98,56,0.91,104.4,Strength,17.1,3.1,5,3,20.99
30,Female,80.1,1.7,186,151,53,0.79,444.4,Strength,32.9,3.2,6,3,27.72
57,Female,80.5,1.69,158,131,64,0.87,402.1,Strength,40.0,3.4,4,3,28.19
59,Male,83.0,1.76,160,139,71,1.01,538.8,Yoga,26.5,3.4,2,1,26.79
26,Male,74.7,1.73,191,159,78,0.66,518.9,Strength,22.2,3.3,1,2,24.96
44,Male,66.0,1.81,178,124,74,0.95,373.0,Yoga,19.2,2.7,2,1,20.15
19,Male,64.2,1.71,203,168,89,0.63,540.5,Yoga,15.5,2.9,1,1,21.96
22,Female,57.5,1.67,198,182,61,0.58,460.4,Yoga,29.1,2.6,2,1,20.62
46,Male,82.1,1.76,176,137,59,0.88,484.3,Strength,22.9,2.9,6,2,26.5
54,Male,62.9,1.74,166,108,71,1.02,214.3,Yoga,16.5,2.6,1,1,20.78
55,Male,68.1,1.76,171,152,68,0.38,235.7,Yoga,20.8,2.5,1,1,21.98
36,Male,78.2,1.81,186,171,65,0.5,437.9,Strength,21.2,3.2,3,3,23.87
25,Female,45.4,1.56,198,185,73,0.62,519.6,HIIT,25.8,2.0,1,1,18.66
65,Male,74.7,1.74,151,120,80,1.1,352.6,Yoga,21.0,3.4,1,1,24.67
62,Female,59.5,1.57,154,121,66,1.24,547.4,Yoga,30.8,3.1,3,3,24.14
18,Male,89.7,1.77,203,145,55,1.02,739.9,Strength,29.2,3.5,5,3,28.63
39,Male,65.5,1.74,176,151,59,0.49,318.5,Strength,16.2,2.7,5,3,21.63
34,Female,46.1,1.52,184,134,64,0.89,462.2,Yoga,29.3,1.5,3,2,19.95
24,Male,82.0,1.88,200,164,60,0.91,780.8,Strength,23.9,3.3,4,2,23.2
42,Female,56.9,1.66,176,135,72,1.12,576.5,Yoga,33.5,2.5,1,1,20.65
62,Female,59.2,1.55,154,113,75,0.98,382.9,HIIT,31.1,2.5,1,1,24.64
21,Male,58.3,1.8,201,174,66,0.51,453.7,Strength,15.5,2.5,3,1,17.99
53,Female,52.4,1.53,173,156,67,0.3,200.8,Yoga,33.5,1.9,3,2,22.38
23,Female,62.1,1.71,195,160,63,0.7,451.8,Strength,32.0,2.8,4,2,21.24
48,Female,74.8,1.68,176,122,59,1.23,498.5,Strength,33.0,2.6,6,3,26.5
36,Female,56.2,1.61,181,140,58,1.17,633.7,Strength,30.7,2.3,5,3,21.68
61,Female,48.4,1.62,159,103,74,1.22,420.9,Yoga,24.1,2.3,2,1,18.44
56,Female,52.8,1.49,164,138,58,0.99,550.7,Strength,33.0,3.0,6,3,23.78
44,Female,73.2,1.69,174,111,66,1.01,336.7,Strength,33.7,2.9,5,2,25.63
27,Female,59.5,1.59,196,123,80,0.9,375.4,Yoga,30.2,2.6,1,1,23.54
43,Male,72.4,1.8,172,154,59,0.45,308.3,Strength,23.4,2.8,6,3,22.35
36,Male,74.2,1.83,185,160,61,0.57,436.0,HIIT,16.7,3.1,3,2,22.16
56,Female,67.8,1.65,167,131,64,1.22,590.7,Yoga,30.9,2.8,4,1,24.9
20,Male,64.8,1.74,202,151,64,1.46,1026.3,Strength,15.1,3.2,5,3,21.4
62,Female,51.1,1.48,159,104,63,1.01,351.1,Yoga,30.3,2.1,4,2,23.33
30,Female,77.5,1.69,195,142,57,1.22,621.6,Strength,37.4,3.2,5,3,27.13
45,Male,67.5,1.84,174,115,57,1.16,362.6,Strength,13.3,3.0,6,2,19.94
37,Female,60.8,1.58,178,139,76,0.98,517.4,Yoga,31.2,2.6,1,1,24.36
45,Female,43.8,1.55,175,138,71,1.55,869.3,Yoga,26.2,2.1,2,1,18.23
25,Female,65.6,1.61,195,173,66,0.58,420.3,Strength,35.1,2.8,4,2,25.31
58,Female,53.3,1.59,156,144,63,0.82,488.6,Yoga,26.4,2.3,4,2,21.08
56,Male,90.9,1.8,161,152,81,0.43,293.4,Yoga,25.8,3.6,2,1,28.06
18,Female,55.2,1.69,198,178,62,0.66,506.9,Strength,28.4,2.6,4,3,19.33
20,Female,66.7,1.6,198,169,70,0.82,567.1,Strength,39.7,2.9,4,3,26.05
30,Female,84.1,1.71,189,176,55,0.48,343.5,Strength,36.7,3.3,5,3,28.76
45,Male,58.3,1.67,174,136,54,0.85,404.9,Strength,17.9,2.6,5,3,20.9
42,Female,58.5,1.65,176,155,69,0.51,326.4,Yoga,28.5,2.2,2,1,21.49
50,Male,59.8,1.68,166,131,63,1.04,437.8,Yoga,18.7,2.6,1,2,21.19
55,Male,69.0,1.74,166,107,59,0.99,213.4,Strength,22.7,2.7,6,3,22.79
23,Female,74.3,1.68,197,137,53,1.26,599.6,Strength,34.4,3.2,6,3,26.33
61,Female,59.8,1.63,159,123,64,1.11,502.4,Yoga,34.7,2.5,4,2,22.51
62,Male,58.8,1.69,163,143,78,0.88,432.9,Yoga,18.2,2.9,1,1,20.59
49,Female,51.0,1.71,171,162,78,0.47,331.8,Yoga,24.0,1.8,2,2,17.44
62,Male,93.3,1.76,157,102,65,1.05,230.3,Yoga,31.2,3.5,2,1,30.12
64,Male,88.8,1.71,156,102,59,1.03,206.8,Strength,25.6,3.4,5,3,30.37
38,Female,64.4,1.56,182,163,71,0.55,372.0,Strength,37.6,2.9,4,2,26.46
33,Female,58.3,1.64,189,157,62,0.6,386.2,Yoga,29.5,2.6,3,1,21.68
38,Male,85.0,1.77,182,156,77,0.96,723.5,Yoga,19.8,3.7,2,1,27.13
28,Male,98.3,1.88,186,156,60,0.67,549.8,HIIT,27.8,3.9,4,2,27.81
54,Male,74.8,1.78,165,118,76,0.98,327.8,Yoga,24.9,3.1,1,1,23.61
53,Male,76.3,1.76,167,135,58,0.7,346.9,Strength,23.1,3.1,5,3,24.63
52,Female,74.7,1.61,172,145,60,0.81,451.3,Yoga,35.5,3.4,6,2,28.82
36,Female,54.9,1.71,182,112,77,0.99,360.8,Cardio,26.2,2.3,1,1,18.78
37,Female,82.8,1.72,178,120,65,1.07,391.9,Cardio,37.2,3.6,2,1,27.99
35,Female,62.2,1.63,185,141,74,1.21,648.7,HIIT,34.7,2.5,2,1,23.41
64,Female,49.5,1.55,159,117,82,0.96,418.6,Yoga,26.4,2.1,1,1,20.6
58,Male,68.5,1.81,161,147,60,0.32,181.6,Yoga,18.0,2.5,2,1,20.91
31,Female,59.2,1.66,196,123,70,1.09,459.9,Strength,29.4,2.8,4,2,21.48
32,Female,47.4,1.53,194,132,83,1.05,527.2,Yoga,29.8,2.1,2,1,20.25
48,Female,91.9,1.73,172,148,52,0.94,508.6,Strength,37.0,3.8,5,3,30.71
18,Female,67.1,1.6,203,150,62,1.16,657.7,Strength,32.1,2.6,4,2,26.21
20,Female,75.0,1.63,204,169,68,0.85,575.1,Cardio,35.6,3.4,3,1,28.23
33,Male,79.2,1.73,187,142,68,1.07,668.7,Yoga,28.0,2.8,2,1,26.46
40,Male,83.7,1.84,178,155,82,0.69,507.3,Yoga,21.1,3.4,2,2,24.72
28,Male,81.1,1.81,195,180,62,0.47,464.7,Strength,21.1,3.0,5,3,24.76
29,Female,58.4,1.59,192,161,52,0.94,625.0,Strength,34.2,2.8,5,3,23.1
27,Male,74.1,1.78,191,165,55,0.76,635.2,Strength,22.0,3.2,6,3,23.39
49,Male,62.7,1.79,172,160,78,0.49,340.3,Yoga,18.9,2.6,1,2,19.57
33,Female,70.6,1.58,187,169,78,0.52,363.2,Cardio,34.5,2.8,1,2,28.28
25,Female,50.6,1.67,194,135,87,1.0,508.1,Yoga,28.6,2.2,1,1,18.14
55,Female,54.6,1.62,163,133,54,0.95,493.8,Strength,27.3,3.0,5,3,20.8
29,Male,116.3,1.92,191,181,82,0.43,470.9,HIIT,32.3,4.7,1,2,31.55
41,Male,85.5,1.85,178,161,68,0.51,403.8,Yoga,21.0,3.3,1,1,24.98
45,Female,66.7,1.63,176,112,68,1.05,370.3,Yoga,32.4,2.9,3,1,25.1
25,Female,65.9,1.57,197,149,79,0.87,496.0,Yoga,32.2,2.8,1,1,26.74
45,Male,71.2,1.93,176,162,56,0.53,396.6,Yoga,19.7,2.8,2,1,19.11
53,Male,65.0,1.82,168,156,61,0.63,411.6,Strength,17.3,2.8,6,3,19.62
43,Female,64.8,1.68,175,145,63,0.75,424.2,Strength,27.5,3.0,5,3,22.96
25,Female,60.9,1.69,199,122,71,0.89,361.4,Strength,28.4,2.3,4,2,21.32
45,Male,68.4,1.68,172,145,66,0.87,510.3,Yoga,25.0,3.0,6,3,24.23
45,Female,68.8,1.62,170,135,70,1.24,615.4,Yoga,31.9,2.9,3,3,26.22
54,Male,91.0,1.76,163,108,55,1.15,333.8,Strength,29.3,3.6,5,3,29.38
58,Male,75.3,1.66,165,142,62,0.87,471.1,Strength,25.2,3.3,5,3,27.33
53,Male,69.6,1.82,168,151,70,0.41,254.7,Yoga,18.1,2.9,2,1,21.01
44,Male,77.7,1.83,180,160,58,0.4,300.7,Strength,18.6,3.0,6,3,23.2
34,Female,65.0,1.71,182,123,61,1.09,451.9,Strength,27.4,2.8,6,2,22.23
26,Female,55.0,1.62,201,183,76,0.54,436.8,Yoga,32.4,2.9,1,1,20.96
50,Male,59.6,1.72,169,145,82,0.79,432.2,Yoga,10.0,2.6,2,1,20.15
37,Male,90.8,1.73,178,119,88,1.02,447.1,Cardio,30.1,3.6,1,1,30.34
30,Male,78.6,1.79,197,172,67,0.54,487.8,Yoga,28.1,3.3,1,1,24.53
45,Male,68.5,1.7,171,152,56,0.54,351.1,Yoga,27.1,3.0,5,2,23.7
65,Male,74.8,1.69,154,121,59,0.9,296.9,Strength,26.0,3.1,6,3,26.19
46,Female,74.4,1.68,173,130,71,1.44,655.5,Yoga,32.9,3.0,1,1,26.36
30,Female,66.5,1.53,191,117,65,1.13,417.1,Cardio,37.5,2.6,3,2,28.41
63,Female,59.6,1.65,155,120,69,1.56,680.0,Yoga,30.9,2.7,3,1,21.89
52,Female,67.2,1.61,171,150,60,1.04,627.0,Strength,30.5,3.0,6,3,25.92
23,Male,74.5,1.87,199,182,67,0.64,641.5,Strength,19.9,2.8,3,3,21.3
35,Male,76.4,1.79,185,172,58,0.47,414.8,Strength,23.5,2.9,5,3,23.84
22,Male,74.8,1.74,202,190,72,0.53,571.6,Strength,16.8,2.9,2,1,24.71
64,Male,69.0,1.66,156,103,73,1.12,171.8,Strength,27.4,2.7,4,2,25.04
42,Male,84.3,1.84,177,126,83,0.82,384.3,Yoga,25.4,3.8,1,2,24.9
19,Female,73.4,1.64,207,152,71,1.16,660.5,Strength,36.2,3.1,4,2,27.29
27,Male,67.1,1.73,194,179,67,0.33,311.0,Yoga,22.8,2.6,2,1,22.42
47,Female,67.6,1.64,170,154,72,0.53,329.9,Yoga,36.8,3.0,2,1,25.13
62,Female,58.8,1.64,155,136,58,0.63,339.5,Strength,26.3,2.9,5,3,21.86
22,Female,96.8,1.67,198,183,61,0.5,364.5,HIIT,42.6,3.9,3,3,34.71
50,Female,54.5,1.6,163,145,66,0.44,260.3,Yoga,32.3,2.5,3,2,21.29
18,Male,80.4,1.91,200,171,74,0.84,784.7,Yoga,23.7,3.4,2,1,22.04
35,Female,76.0,1.66,185,174,62,0.54,390.3,Strength,39.0,2.9,5,3,27.58
49,Female,66.5,1.7,170,146,56,0.87,500.5,Yoga,29.4,3.2,5,2,23.01
64,Female,66.3,1.55,152,137,62,0.38,202.9,Strength,34.6,2.8,6,3,27.6
28,Male,84.8,1.84,191,122,68,1.02,483.9,Yoga,24.8,3.5,1,1,25.05
38,Male,68.3,1.72,186,118,61,1.02,369.5,Yoga,24.6,2.8,3,2,23.09
43,Male,65.4,1.73,180,159,71,0.94,667.9,Yoga,17.2,2.9,2,1,21.85
42,Female,54.3,1.58,178,161,58,0.49,336.2,Strength,29.6,2.2,6,2,21.75
39,Female,58.5,1.59,181,113,53,1.2,441.0,Strength,33.6,2.8,4,3,23.14
44,Male,86.2,1.9,176,109,68,1.01,317.7,Yoga,18.5,3.3,3,2,23.88
30,Female,52.5,1.56,191,170,84,0.45,330.5,Yoga,30.6,2.2,1,2,21.57
50,Male,75.6,1.77,170,163,60,0.4,302.2,Strength,26.7,2.8,5,2,24.13
51,Male,62.6,1.74,170,110,72,0.95,224.2,Yoga,21.6,2.5,2,2,20.68
58,Female,69.5,1.6,164,149,60,0.42,251.4,Yoga,38.5,2.6,3,2,27.15
52,Female,79.4,1.69,164,121,56,1.17,461.9,Cardio,36.9,3.2,4,2,27.8
18,Female,65.2,1.72,201,176,64,0.67,493.9,Yoga,31.5,2.7,1,2,22.04
38,Female,58.7,1.64,183,123,73,0.85,365.7,Yoga,29.0,2.1,1,1,21.82
65,Male,79.6,1.78,152,92,66,0.86,69.8,Strength,24.7,3.3,6,3,25.12
23,Male,87.6,1.74,195,160,52,0.76,638.9,HIIT,25.4,3.8,3,2,28.93
45,Male,96.2,1.8,174,133,69,0.93,518.3,Cardio,33.4,3.8,4,2,29.69
34,Male,61.4,1.77,185,121,69,0.9,343.2,Yoga,18.5,2.3,1,1,19.6
22,Male,94.9,1.84,199,153,71,1.27,1017.3,Cardio,26.2,3.6,2,1,28.03
48,Female,62.9,1.61,169,156,68,0.49,316.0,HIIT,33.0,3.1,1,1,24.27
22,Male,74.6,1.75,201,124,59,1.04,500.0,Strength,26.5,2.5,4,2,24.36
55,Male,77.7,1.72,164,134,58,0.89,431.3,Strength,28.3,3.2,5,3,26.26
20,Male,70.7,1.76,200,127,59,1.13,567.9,Cardio,22.1,3.4,5,2,22.82
40,Female,80.0,1.68,179,144,60,0.86,454.5,Strength,37.2,4.0,6,2,28.34
54,Female,65.5,1.49,167,132,57,1.44,709.4,Yoga,43.5,3.2,3,3,29.5
54,Female,73.0,1.57,171,146,70,0.82,466.4,Yoga,36.4,3.3,4,1,29.62
27,Female,40.1,1.49,192,169,61,0.54,403.5,Strength,23.1,1.7,6,3,18.06
27,Male,73.4,1.76,191,169,76,0.54,469.8,Yoga,17.1,2.7,1,1,23.7
36,Male,55.5,1.77,182,163,71,0.53,391.5,Yoga,12.4,2.4,1,1,17.72
34,Female,53.8,1.57,186,117,59,1.02,404.3,Yoga,25.9,2.1,5,3,21.83
38,Female,42.4,1.58,182,160,57,0.68,474.0,Strength,25.3,2.3,6,3,16.98
31,Male,86.4,1.82,189,162,61,0.57,474.4,Strength,21.9,3.1,5,3,26.08
26,Male,83.7,1.82,195,129,71,0.96,518.8,Yoga,22.9,3.4,2,1,25.27
63,Female,68.0,1.72,158,120,58,1.67,702.5,Yoga,27.2,3.2,5,3,22.99
18,Female,46.3,1.46,202,178,63,0.46,360.7,Yoga,27.4,2.2,2,1,21.72
62,Female,65.5,1.6,164,148,75,0.5,301.9,Yoga,32.1,2.9,1,1,25.59
30,Female,58.5,1.67,192,104,55,0.92,276.2,Strength,29.8,2.5,6,2,20.98
21,Male,71.7,1.86,196,147,77,1.34,915.9,Strength,20.0,3.1,2,2,20.72
18,Male,60.0,1.72,197,146,61,1.54,1000.7,Strength,19.1,2.9,6,3,20.28
57,Male,77.9,1.81,161,115,55,0.9,276.8,Strength,23.8,3.2,6,2,23.78
49,Female,61.2,1.65,171,115,74,0.97,374.5,Yoga,25.4,2.6,2,1,22.48
51,Female,68.5,1.72,167,136,66,0.97,494.4,Strength,38.7,3.2,3,2,23.15
45,Male,88.2,1.83,173,141,59,0.64,388.4,Strength,23.4,3.5,5,3,26.34
48,Male,83.4,1.73,172,157,78,0.56,408.4,Cardio,21.8,3.1,2,1,27.87
25,Male,92.7,1.77,194,173,77,0.37,357.8,Cardio,31.4,3.3,1,1,29.59
56,Male,68.1,1.66,158,142,56,0.54,284.5,Strength,18.4,2.7,6,3,24.71
43,Female,69.2,1.64,180,159,73,0.81,524.4,Strength,33.0,3.0,4,2,25.73
51,Male,85.2,1.84,172,122,78,1.33,544.0,Yoga,21.8,3.3,2,1,25.17
20,Male,57.7,1.76,196,175,63,0.57,512.9,Strength,13.6,2.3,5,3,18.63
29,Male,78.6,1.84,191,108,59,0.78,255.2,Strength,16.8,3.0,6,3,23.22
18,Male,74.4,1.79,199,180,68,0.49,489.2,Yoga,21.5,3.2,3,2,23.22
61,Male,71.2,1.77,157,109,73,1.08,240.4,Yoga,23.9,2.5,1,1,22.73
22,Male,67.9,1.67,199,131,63,0.96,504.0,Strength,22.6,2.6,3,2,24.35
47,Male,67.0,1.68,175,148,70,0.73,440.9,Strength,20.2,3.0,4,3,23.74
47,Female,57.3,1.65,175,125,75,0.96,436.9,Yoga,26.7,2.6,2,1,21.05
34,Female,55.4,1.52,187,134,57,1.31,658.3,Strength,30.7,2.9,6,3,23.98
65,Female,54.9,1.57,159,134,67,0.61,327.1,Yoga,25.2,2.3,2,1,22.27
64,Female,39.3,1.52,154,144,64,0.44,276.2,Strength,20.3,1.7,5,3,17.01
40,Male,50.2,1.6,179,148,74,0.95,547.5,Yoga,16.3,2.5,2,1,19.61
32,Female,68.4,1.66,180,140,66,1.1,566.9,Yoga,35.7,2.9,1,1,24.82
54,Female,77.1,1.65,166,130,66,1.09,500.1,Cardio,40.7,3.1,4,2,28.32
38,Male,51.5,1.74,184,115,64,0.86,247.0,Yoga,8.0,2.2,3,1,17.01
31,Male,80.7,1.94,190,145,64,1.33,880.7,Strength,15.0,3.1,4,2,21.44
19,Female,70.8,1.65,199,154,60,1.29,757.2,Strength,34.1,2.7,6,3,26.01
28,Female,68.8,1.58,195,145,72,1.39,754.0,Cardio,33.6,3.1,2,1,27.56
56,Male,65.8,1.69,164,120,56,1.18,379.0,Strength,22.0,2.7,6,3,23.04
55,Female,54.5,1.57,167,148,72,0.53,326.6,Yoga,28.0,2.5,3,3,22.11
51,Male,73.6,1.6,170,146,51,0.53,314.3,Strength,26.7,3.0,6,2,28.75
55,Male,93.4,1.85,169,146,57,0.59,376.4,Strength,23.0,3.5,5,2,27.29
51,Male,104.6,1.95,170,121,70,1.24,564.6,Strength,24.4,4.5,4,2,27.51
35,Male,74.1,1.8,187,173,69,0.6,531.1,Yoga,16.3,3.1,3,2,22.87
47,Female,76.4,1.64,173,135,71,1.22,591.3,Cardio,38.7,3.0,3,2,28.41
32,Male,57.3,1.8,186,127,76,0.98,421.1,Strength,19.4,2.3,3,2,17.69
44,Male,88.2,1.76,177,169,84,0.63,543.7,Cardio,28.6,3.3,1,1,28.47
51,Female,61.3,1.59,174,141,60,0.81,449.4,Yoga,33.5,2.9,4,2,24.25
55,Male,67.9,1.65,163,118,51,1.38,430.5,Strength,22.5,2.9,6,3,24.94
50,Female,52.2,1.57,169,105,67,0.94,318.9,Yoga,32.4,2.6,3,2,21.18
41,Female,46.5,1.6,179,154,59,0.41,268.3,Strength,24.7,2.1,4,2,18.16
32,Female,62.9,1.59,190,109,56,0.98,319.9,Yoga,32.6,3.0,3,2,24.88
47,Male,74.6,1.68,174,161,59,0.5,371.6,Strength,29.5,2.8,5,2,26.43
59,Female,67.3,1.58,164,139,60,0.86,464.0,Strength,33.3,3.0,5,2,26.96
34,Female,64.7,1.56,192,146,64,1.49,838.3,Strength,36.2,3.0,5,3,26.59
22,Male,79.9,1.76,196,166,78,0.97,849.6,Yoga,23.5,3.7,2,1,25.79
46,Female,58.6,1.66,176,141,75,1.46,809.3,Yoga,30.4,2.6,3,2,21.27
21,Female,80.4,1.72,200,157,76,1.05,620.5,Yoga,37.3,3.0,2,1,27.18
27,Female,55.5,1.63,193,108,60,0.97,318.3,Strength,27.8,1.9,4,2,20.89
34,Female,76.3,1.64,188,178,78,0.6,448.1,Cardio,34.5,3.1,2,2,28.37
27,Female,66.7,1.66,192,164,72,0.98,653.7,Strength,32.3,3.1,4,2,24.21
34,Male,73.6,1.74,187,159,67,0.91,691.5,Strength,22.7,3.3,4,2,24.31
37,Female,75.0,1.65,179,155,73,0.72,435.5,Strength,40.6,2.9,4,2,27.55
41,Female,69.9,1.58,177,113,57,0.9,314.1,Strength,41.0,2.6,6,3,28.0
22,Male,85.2,1.77,201,125,77,1.02,530.5,Yoga,27.0,3.5,2,1,27.2
51,Male,73.2,1.84,172,114,57,0.91,275.2,Strength,21.6,3.0,6,2,21.62
23,Male,82.3,1.74,198,155,77,1.29,1006.6,Strength,29.6,3.4,3,2,27.18
19,Female,64.8,1.73,200,170,79,0.99,693.4,Yoga,28.6,3.0,2,1,21.65
30,Male,92.3,1.84,192,143,60,1.24,843.2,Yoga,27.0,3.5,3,2,27.26
60,Female,48.7,1.58,164,140,75,0.6,348.4,Yoga,34.2,2.4,3,2,19.51
60,Female,67.4,1.67,159,140,62,0.72,393.7,HIIT,28.9,3.1,4,2,24.17
65,Male,65.5,1.74,151,141,74,0.59,285.7,Yoga,19.5,2.6,2,1,21.63
28,Male,94.3,1.85,193,160,68,0.87,735.4,Strength,27.9,4.2,3,3,27.55
64,Female,78.3,1.66,159,96,60,1.06,264.1,Strength,37.6,3.2,5,3,28.41
40,Male,80.7,1.79,182,117,68,1.18,451.7,Yoga,24.4,3.2,3,2,25.19
33,Female,57.2,1.51,192,118,53,1.03,407.4,Strength,35.8,2.6,5,2,25.09
48,Male,82.6,1.75,177,162,76,0.53,409.3,Yoga,24.0,3.3,2,1,26.97
28,Male,90.1,1.78,191,163,62,0.59,507.7,Strength,24.5,3.5,6,3,28.44
33,Male,76.3,1.76,188,144,80,0.97,615.7,Cardio,25.1,2.8,2,2,24.63
25,Female,59.0,1.61,194,154,52,0.73,448.7,Strength,33.7,2.4,6,3,22.76
21,Male,85.8,1.79,196,157,55,0.69,561.8,Strength,26.6,3.7,6,3,26.78
57,Female,47.8,1.63,160,111,67,1.07,420.7,Yoga,20.3,2.2,2,1,17.99
21,Female,74.5,1.64,201,131,67,0.91,395.7,Cardio,36.1,2.7,3,1,27.7
42,Female,59.9,1.65,179,117,64,1.06,417.5,Yoga,29.8,2.3,1,2,22.0
20,Female,66.8,1.68,203,113,60,0.98,325.7,Yoga,27.8,3.2,3,2,23.67
49,Male,92.8,1.83,179,121,62,0.96,410.3,HIIT,23.5,3.7,3,2,27.71
20,Female,61.2,1.63,201,128,57,1.09,478.1,Strength,28.4,2.8,4,2,23.03
44,Female,72.9,1.65,174,146,65,0.6,335.0,Strength,32.9,3.3,4,3,26.78
46,Male,89.2,1.77,177,151,55,0.45,313.8,Cardio,26.9,3.3,3,2,28.47
49,Female,66.1,1.63,169,98,59,1.29,346.0,Strength,35.7,3.2,5,3,24.88
36,Male,78.4,1.75,189,152,56,1.08,760.8,Strength,27.5,3.4,6,3,25.6
38,Female,59.4,1.57,176,107,62,0.82,267.6,Strength,34.9,2.6,4,2,24.1
22,Male,72.0,1.7,196,142,63,1.1,699.9,Strength,29.6,2.9,3,3,24.91
35,Female,54.7,1.63,187,146,73,1.21,704.0,Yoga,28.7,2.5,1,1,20.59
45,Male,77.7,1.82,179,145,60,0.59,361.7,Strength,25.0,3.1,5,3,23.46
59,Female,55.8,1.67,159,145,81,0.7,419.2,Yoga,24.6,2.6,2,1,20.01
39,Female,61.7,1.7,178,138,71,1.21,631.7,Cardio,33.9,2.9,3,2,21.35
38,Male,56.7,1.8,182,141,77,1.16,623.3,Strength,18.3,2.7,3,2,17.5
23,Male,73.5,1.7,203,172,60,0.54,490.9,Strength,23.9,3.0,6,2,25.43
18,Male,103.0,1.84,197,138,58,1.27,889.0,Strength,32.1,3.9,5,3,30.42
22,Male,66.2,1.7,197,126,63,0.91,432.2,HIIT,18.7,2.6,4,3,22.91
58,Female,76.8,1.66,163,145,63,0.63,352.6,Strength,38.1,3.3,4,3,27.87
29,Female,83.2,1.71,189,142,68,1.23,612.7,HIIT,39.2,3.5,4,2,28.45
43,Male,69.5,1.85,175,160,68,0.63,460.7,Strength,14.9,3.2,2,2,20.31
63,Female,58.0,1.66,156,100,58,0.94,291.9,Strength,27.3,2.3,5,3,21.05
51,Male,93.7,1.83,170,125,57,0.84,386.8,Strength,23.2,3.4,5,3,27.98
31,Male,79.2,1.81,188,152,62,1.02,735.6,Strength,17.9,3.4,4,1,24.18
43,Female,56.4,1.68,181,138,60,1.35,723.5,Strength,27.8,2.5,4,3,19.98
62,Female,63.6,1.69,160,129,68,1.43,694.0,Strength,26.5,2.8,6,3,22.27
44,Female,68.2,1.62,177,118,65,1.12,433.8,Yoga,30.9,2.9,1,2,25.99
26,Female,60.6,1.67,197,166,73,0.8,551.9,Yoga,30.5,2.5,1,2,21.73
43,Female,41.9,1.57,178,147,72,0.74,458.7,Strength,19.9,1.9,3,3,17.0
64,Female,63.6,1.65,155,133,68,0.79,405.3,Yoga,27.2,2.7,3,2,23.36
39,Female,65.2,1.66,180,100,56,1.06,288.3,Strength,34.2,3.1,5,3,23.66
64,Male,75.1,1.75,153,83,53,1.03,50.0,Strength,24.1,3.0,5,3,24.52
47,Male,95.7,1.82,179,122,74,0.82,369.4,Cardio,20.1,3.4,2,1,28.89
60,Male,85.4,1.86,163,94,58,0.99,129.0,Yoga,24.9,3.5,2,1,24.68
65,Male,84.0,1.82,147,101,75,1.14,199.7,Yoga,25.1,3.4,1,1,25.36
34,Male,84.4,1.73,190,156,66,0.8,610.8,Cardio,25.5,3.4,3,2,28.2
43,Female,70.1,1.69,173,155,80,0.72,446.5,Yoga,33.3,2.9,1,2,24.54
53,Male,103.6,1.8,169,112,67,0.9,328.7,Yoga,30.8,3.9,1,1,31.98
18,Male,69.5,1.86,195,177,64,0.53,507.4,Strength,18.4,2.8,3,2,20.09
25,Male,79.1,1.93,194,144,76,1.0,665.9,Yoga,9.6,3.4,2,1,21.24
52,Male,83.5,1.77,172,131,58,1.03,497.2,Strength,20.0,3.4,6,2,26.65
32,Male,97.8,1.84,192,108,52,0.92,343.4,Strength,24.8,3.8,6,2,28.89
64,Male,82.3,1.86,157,117,55,1.64,521.4,Yoga,25.7,3.7,6,3,23.79
39,Male,62.0,1.72,183,163,72,0.47,351.8,HIIT,19.2,2.5,3,1,20.96
31,Female,86.5,1.68,185,148,67,1.06,564.7,Strength,42.3,3.3,4,2,30.65
43,Female,62.1,1.69,179,131,57,1.2,576.8,Strength,31.4,2.7,4,2,21.74
45,Male,92.7,1.9,178,164,70,0.48,397.3,Strength,20.1,3.7,4,3,25.68
40,Female,76.4,1.62,188,137,51,1.36,666.5,Strength,36.5,2.9,5,3,29.11
31,Female,59.5,1.61,187,112,72,0.8,280.7,HIIT,30.6,2.7,2,2,22.95
41,Female,57.9,1.61,179,168,77,0.4,289.4,HIIT,27.7,2.1,2,2,22.34
19,Female,61.4,1.65,201,178,62,0.58,439.6,Strength,34.2,2.7,5,3,22.55
62,Male,80.9,1.71,160,136,59,0.73,358.9,Cardio,24.0,3.5,1,2,27.67
43,Female,65.2,1.52,180,147,60,0.69,398.6,Strength,35.8,2.2,6,3,28.22
31,Female,72.0,1.71,192,173,70,0.42,302.1,Strength,33.4,2.9,4,2,24.62
24,Female,82.6,1.63,199,183,55,0.57,431.4,Strength,41.0,3.7,6,3,31.09
20,Male,83.3,1.84,196,167,66,0.9,810.4,Strength,25.5,3.5,4,2,24.6
64,Male,94.0,1.8,148,93,45,1.1,147.6,Strength,24.7,3.4,6,3,29.01
40,Male,72.8,1.78,178,137,57,0.97,525.0,Yoga,20.9,2.9,1,1,22.98
63,Male,125.5,1.96,157,125,62,0.96,495.7,Strength,32.9,4.9,6,3,32.67
60,Male,92.9,1.76,158,123,55,1.43,592.0,Strength,31.2,3.8,6,3,29.99
64,Male,74.5,1.76,155,139,64,0.52,257.3,Yoga,19.7,2.8,3,2,24.05
62,Male,103.2,1.87,157,95,58,0.94,173.2,Cardio,27.2,3.8,6,3,29.51
35,Female,76.1,1.61,187,161,64,0.78,498.6,Strength,36.6,3.0,3,3,29.36
55,Female,65.6,1.48,162,105,71,0.88,281.9,Yoga,37.9,2.3,2,1,29.95
52,Female,45.2,1.63,168,104,59,0.95,330.3,Strength,23.3,1.9,5,3,17.01
32,Male,90.5,1.83,188,132,52,1.23,700.6,Strength,25.2,3.7,6,3,27.02
42,Male,92.3,1.87,180,152,80,0.85,617.7,Yoga,24.1,3.9,2,1,26.39
54,Male,83.8,1.79,169,105,64,0.99,240.1,Yoga,29.8,3.4,3,2,26.15
45,Male,81.9,1.8,180,147,53,0.77,495.2,Strength,23.2,3.6,6,3,25.28
27,Male,92.5,1.91,191,161,53,0.57,485.7,Strength,27.3,4.0,6,3,25.36
56,Female,76.1,1.62,158,126,74,1.18,515.7,Yoga,42.5,3.1,1,1,29.0
34,Female,65.9,1.58,185,164,72,0.73,493.4,Yoga,38.1,3.0,2,1,26.4
56,Male,74.7,1.72,159,147,58,0.42,248.1,Strength,20.0,3.0,4,2,25.25
39,Male,89.2,1.77,189,171,62,0.32,287.5,HIIT,34.3,3.4,4,3,28.47
43,Male,87.9,1.84,174,161,69,0.56,443.9,Yoga,25.2,3.5,1,1,25.96
61,Male,82.4,1.77,161,113,72,1.15,334.3,Strength,24.8,3.4,3,2,26.3
42,Female,78.5,1.59,181,107,66,0.92,272.3,Strength,42.5,3.4,4,2,31.05
34,Male,69.6,1.74,187,148,73,0.95,616.5,Strength,18.4,3.1,4,2,22.99
30,Male,63.6,1.82,196,143,55,1.08,646.1,Yoga,13.3,2.3,5,3,19.2
37,Male,86.6,1.87,182,167,72,0.53,456.1,Yoga,29.9,3.5,2,1,24.76
42,Male,79.1,1.77,175,132,67,1.1,559.0,Yoga,25.9,3.2,3,2,25.25
21,Female,71.8,1.63,196,133,60,0.95,430.0,Yoga,35.9,3.1,6,3,27.02
27,Male,77.9,1.77,195,155,78,1.18,892.3,Cardio,20.6,3.2,2,1,24.87
20,Male,81.2,1.73,199,166,61,0.82,726.0,Strength,23.1,3.5,3,3,27.13
58,Female,84.1,1.59,159,106,61,1.04,308.3,HIIT,45.0,3.2,4,3,33.27
62,Female,75.2,1.66,159,143,56,0.47,260.4,Strength,34.2,3.2,5,3,27.29
35,Female,70.6,1.59,187,175,82,0.47,347.3,Cardio,35.4,2.6,2,1,27.93
64,Male,74.5,1.76,157,122,60,0.82,279.6,Strength,24.1,2.9,4,2,24.05
53,Male,68.0,1.86,170,105,63,1.09,218.5,Strength,20.6,2.6,3,3,19.66
64,Female,45.7,1.64,156,148,78,0.53,340.1,Yoga,20.3,2.0,2,1,16.99
39,Female,65.6,1.7,179,162,60,0.65,434.8,Strength,27.1,2.7,6,3,22.7
51,Female,45.2,1.63,171,114,77,1.05,431.3,Yoga,24.3,2.2,2,1,17.01
64,Female,71.6,1.65,153,102,66,0.99,296.8,Strength,35.2,2.9,4,3,26.3
25,Female,63.1,1.65,192,175,67,0.35,259.7,Cardio,28.2,2.8,2,1,23.18
57,Female,52.9,1.63,166,121,55,0.87,389.8,Strength,21.8,2.2,6,3,19.91
61,Male,80.0,1.79,158,122,62,1.41,515.1,Strength,24.3,3.1,5,3,24.97
36,Male,64.8,1.72,189,143,61,1.31,765.4,Strength,15.6,2.7,5,2,21.9
59,Male,84.5,1.8,164,135,59,1.02,511.6,Strength,24.4,3.9,4,2,26.08
58,Female,71.7,1.63,161,102,70,1.09,319.6,Yoga,38.1,3.3,3,3,26.99
54,Female,56.4,1.6,167,149,72,0.46,284.3,Strength,30.1,2.2,4,3,22.03
23,Female,63.7,1.64,205,163,58,0.45,297.8,Strength,31.4,2.9,5,3,23.68
43,Female,65.5,1.61,179,135,76,1.32,660.2,Yoga,29.2,2.8,1,2,25.27
51,Female,57.9,1.72,171,153,80,0.65,414.6,Yoga,25.2,2.5,1,1,19.57
62,Female,71.3,1.68,156,143,69,0.48,269.3,Yoga,32.0,3.0,2,1,25.26
23,Male,66.7,1.85,203,186,67,0.54,548.8,Yoga,13.0,3.1,6,3,19.49
54,Male,80.2,1.74,170,121,81,0.94,354.4,Yoga,24.3,3.3,2,2,26.49
50,Female,54.5,1.54,168,135,77,1.03,543.4,Yoga,34.6,2.0,1,1,22.98
39,Male,55.6,1.69,187,138,57,1.14,574.7,Strength,14.1,2.5,5,3,19.47
38,Female,54.0,1.55,182,163,76,0.49,340.7,Yoga,27.6,2.7,2,2,22.48
23,Male,84.3,1.93,194,140,58,0.99,643.8,Strength,20.8,2.9,4,2,22.63
23,Female,74.1,1.62,195,164,66,0.64,415.6,Cardio,42.4,3.2,6,2,28.24
65,Female,65.1,1.61,158,148,71,0.48,291.7,Cardio,35.1,2.6,4,2,25.11
21,Male,59.7,1.68,196,179,63,0.41,384.9,Strength,17.7,2.2,6,3,21.15
47,Male,92.7,1.75,170,154,58,0.45,329.2,Strength,26.0,3.8,5,3,30.27
28,Female,70.1,1.62,191,176,71,0.46,339.9,Cardio,36.8,2.5,2,1,26.71
47,Female,65.0,1.67,172,154,55,0.71,445.3,Strength,32.8,2.8,6,3,23.31
48,Male,61.8,1.8,170,148,70,0.92,539.3,Strength,16.1,3.1,4,2,19.07
41,Male,71.3,1.76,178,160,70,0.49,363.6,Yoga,22.2,3.1,2,1,23.02
26,Female,64.6,1.65,197,157,72,0.87,543.6,Strength,28.5,3.1,2,1,23.73
20,Male,80.8,1.77,201,181,68,0.59,601.8,Strength,29.7,3.3,4,2,25.79
48,Female,72.5,1.65,170,153,70,0.84,510.9,Yoga,34.3,3.2,1,2,26.63
57,Female,80.8,1.72,162,135,62,0.64,311.9,Yoga,37.4,3.2,6,2,27.31
54,Female,45.3,1.55,166,141,65,0.78,457.8,Strength,26.3,2.0,4,2,18.86
53,Female,67.9,1.64,167,127,51,1.0,455.1,Strength,35.5,2.9,5,3,25.25
41,Male,79.3,1.82,179,145,62,0.75,471.9,Yoga,22.5,3.4,3,2,23.94
48,Male,87.8,1.61,175,144,72,0.78,486.9,Strength,24.4,3.9,4,2,33.87
23,Male,70.6,1.69,198,182,68,0.61,604.7,Yoga,16.9,2.8,2,1,24.72
19,Male,70.7,1.78,202,178,79,0.68,657.5,Strength,25.0,2.9,2,2,22.31
37,Male,76.2,1.75,187,149,66,0.67,447.7,Strength,21.2,3.3,4,2,24.88
45,Male,78.4,1.79,181,113,65,0.93,302.8,Yoga,19.8,2.7,3,2,24.47
28,Male,56.8,1.8,188,150,78,1.08,699.8,Strength,21.8,1.9,4,1,17.53
21,Female,66.4,1.6,194,109,59,0.97,299.2,Strength,34.9,2.9,3,3,25.94
32,Male,62.2,1.63,187,164,62,0.53,412.6,Yoga,20.0,2.5,3,2,23.41
23,Male,85.3,1.87,199,146,57,1.04,735.8,Strength,22.6,3.4,5,3,24.39
47,Female,63.4,1.72,174,134,67,1.22,612.2,Strength,29.9,2.8,6,3,21.43
55,Male,63.3,1.75,168,107,73,1.01,201.3,Yoga,18.5,2.8,2,1,20.67
19,Male,81.6,1.72,200,149,75,1.31,963.7,Cardio,23.9,3.3,2,1,27.58
32,Female,63.9,1.5,182,118,64,0.98,374.7,Cardio,42.1,2.6,3,3,28.4
28,Male,83.2,1.79,188,156,76,0.92,715.3,Yoga,22.0,3.5,2,1,25.97
25,Male,58.2,1.79,197,126,72,1.04,461.2,Strength,12.5,2.6,1,1,18.16
43,Male,90.6,1.86,180,141,69,1.26,780.5,Strength,27.7,3.8,3,2,26.19
62,Female,41.0,1.5,152,120,78,1.09,510.7,Yoga,30.9,2.1,2,1,18.22
61,Male,71.9,1.8,163,146,72,0.53,296.4,Yoga,19.4,2.7,1,1,22.19
22,Male,95.2,1.86,199,181,53,0.54,569.8,Strength,27.1,4.2,5,3,27.52
23,Female,73.0,1.65,197,176,74,0.44,320.5,HIIT,36.8,2.8,2,1,26.81
43,Male,76.3,1.71,175,157,82,0.62,448.5,Yoga,26.0,3.2,1,1,26.09
21,Female,84.1,1.7,204,148,61,1.72,905.6,HIIT,38.8,3.7,4,2,29.1
36,Female,74.7,1.68,187,169,59,0.43,298.5,Cardio,36.0,2.8,6,3,26.47
37,Male,55.9,1.79,184,101,59,0.95,167.2,HIIT,17.4,2.3,4,3,17.45
50,Female,57.9,1.58,168,149,67,0.73,446.1,Yoga,31.5,2.9,1,1,23.19
37,Female,72.0,1.72,188,142,72,0.94,495.3,Yoga,30.3,3.2,3,2,24.34
29,Male,69.2,1.7,191,177,69,0.41,379.1,Strength,24.3,2.8,3,3,23.94
64,Female,54.4,1.56,157,123,76,1.37,637.9,Yoga,26.9,2.7,2,1,22.35
18,Female,61.1,1.71,202,181,54,0.49,380.5,Strength,27.0,2.6,4,3,20.9
43,Male,105.4,1.79,175,137,63,1.58,988.3,Strength,33.2,4.3,3,3,32.9
31,Male,72.5,1.77,190,167,69,0.47,393.8,Strength,19.9,2.8,3,3,23.14
55,Male,102.5,1.77,167,131,58,0.86,454.3,Strength,28.1,4.1,4,3,32.72
54,Female,49.9,1.56,165,144,56,0.41,245.1,Strength,29.6,1.9,5,3,20.5
28,Male,84.0,1.77,193,120,69,0.99,449.5,Strength,22.2,3.7,3,2,26.81
53,Female,65.6,1.61,167,124,51,1.22,536.9,Cardio,36.3,3.0,6,3,25.31
30,Female,59.3,1.67,193,152,63,0.78,473.2,Yoga,25.8,2.7,1,1,21.26
60,Female,54.2,1.54,159,104,65,0.92,312.7,Yoga,29.6,2.3,2,1,22.85
20,Female,72.3,1.72,201,121,67,1.06,396.1,Yoga,37.9,2.8,3,2,24.44
50,Female,55.8,1.61,171,140,55,0.89,495.9,Strength,27.3,2.8,6,3,21.53
23,Female,63.5,1.64,196,152,61,0.95,562.0,Strength,37.1,2.9,6,3,23.61
27,Female,49.1,1.7,191,158,66,0.75,495.3,Strength,22.0,2.4,3,3,16.99
22,Male,90.4,1.83,196,150,65,0.73,555.6,Yoga,31.5,3.2,5,3,26.99
40,Male,80.3,1.67,181,136,66,1.2,664.3,Yoga,28.0,3.0,1,1,28.79
27,Female,65.1,1.58,192,161,75,0.99,644.2,Yoga,37.1,3.2,2,2,26.08
61,Female,92.6,1.69,158,124,62,1.46,583.5,Yoga,47.5,3.8,3,3,32.42
19,Male,79.5,1.72,203,159,77,1.45,1189.1,Yoga,29.6,3.4,2,1,26.87
30,Female,85.3,1.73,193,165,66,0.88,565.8,Strength,40.1,3.5,4,2,28.5
57,Male,91.4,1.78,167,145,54,0.62,382.8,HIIT,24.6,3.7,6,3,28.85
19,Male,49.1,1.7,199,170,57,0.77,641.4,Strength,10.9,2.1,6,3,16.99
37,Male,82.3,1.78,186,142,66,1.1,684.4,Yoga,32.3,3.4,3,2,25.98
18,Female,49.7,1.59,208,134,63,1.11,550.4,Strength,31.5,2.3,3,1,19.66
54,Female,59.6,1.71,166,149,69,0.53,324.5,Strength,28.8,2.7,4,2,20.38
26,Male,66.5,1.78,194,122,53,0.82,351.0,Yoga,17.7,2.4,5,2,20.99
34,Male,66.1,1.68,185,168,76,0.62,508.4,Strength,18.5,2.9,3,3,23.42
26,Male,75.6,1.68,191,125,61,0.98,471.5,Strength,31.1,2.9,6,3,26.79
28,Male,66.6,1.6,195,176,76,0.43,391.8,Yoga,21.3,3.0,2,1,26.02
32,Male,69.8,1.69,188,159,90,0.95,717.1,Yoga,15.5,3.4,1,1,24.44
41,Female,62.4,1.52,179,159,72,0.58,381.4,Yoga,31.7,2.7,2,1,27.01
55,Male,86.3,1.78,167,153,60,0.4,272.4,Strength,25.8,3.8,5,3,27.24
52,Female,70.9,1.65,170,152,75,0.48,292.3,Yoga,34.7,2.7,1,1,26.04
47,Male,59.2,1.79,171,135,78,1.02,473.4,Cardio,15.3,2.5,2,1,18.48
48,Female,53.3,1.56,170,122,82,0.91,404.2,Yoga,30.7,2.3,2,1,21.9
22,Female,70.2,1.69,196,162,68,0.35,224.9,Strength,30.7,3.1,4,2,24.58
61,Female,76.4,1.68,165,106,62,0.9,282.2,Strength,36.0,3.3,5,3,27.07
31,Female,60.8,1.75,193,122,55,0.98,404.3,Strength,32.0,2.7,6,2,19.85
28,Female,72.4,1.72,194,167,64,0.38,257.3,Strength,33.8,2.7,4,2,24.47
26,Female,49.9,1.62,193,154,83,0.93,588.0,Yoga,26.9,1.9,1,1,19.01
51,Male,90.0,1.79,168,151,60,0.56,383.7,Strength,28.6,3.7,6,3,28.09
29,Female,62.5,1.57,192,143,67,0.92,498.7,Cardio,37.7,2.3,4,3,25.36
52,Male,59.2,1.73,175,133,54,1.17,504.9,Strength,18.4,2.6,5,3,19.78
52,Female,54.5,1.66,169,156,70,0.33,219.2,Yoga,20.6,2.3,3,3,19.78
18,Female,68.7,1.63,204,126,62,1.04,426.5,Strength,35.6,2.5,3,3,25.86
57,Male,92.9,1.78,155,143,67,0.47,283.7,Yoga,25.7,3.8,1,1,29.32
39,Female,61.1,1.72,182,152,66,0.66,404.5,Yoga,26.9,2.8,3,2,20.65
46,Male,89.3,1.81,170,157,53,0.3,225.6,Strength,32.3,3.3,4,2,27.26
25,Male,64.6,1.69,194,121,77,0.91,379.0,Strength,24.1,2.6,1,2,22.62
28,Male,87.7,1.79,192,137,59,1.33,822.5,Yoga,26.1,3.2,6,3,27.37
58,Male,90.1,1.83,161,127,56,1.51,676.5,Strength,26.4,3.7,5,2,26.9
54,Female,56.3,1.5,164,151,72,0.48,302.9,Yoga,34.6,2.0,1,1,25.02
31,Female,56.0,1.76,187,160,57,0.78,518.7,Strength,26.4,2.4,6,3,18.08
47,Male,82.3,1.75,172,118,69,0.93,349.8,Yoga,26.5,3.2,1,1,26.87
52,Female,72.4,1.66,167,128,75,1.45,655.9,Yoga,30.6,2.9,2,1,26.27
38,Female,64.7,1.58,182,170,72,0.48,346.0,Yoga,38.8,2.4,2,1,25.92
54,Male,86.2,1.85,166,137,74,0.93,501.2,Yoga,21.8,3.5,1,1,25.19
22,Female,59.8,1.67,202,170,65,0.84,598.6,Yoga,30.8,3.0,3,2,21.44
36,Male,86.6,1.75,178,139,71,1.22,744.5,HIIT,25.5,3.5,2,1,28.28
31,Male,81.8,1.72,190,141,59,1.0,629.1,Strength,22.7,3.5,5,2,27.65
43,Female,60.6,1.71,177,114,61,1.18,441.8,Strength,26.8,2.5,6,3,20.72
21,Female,78.3,1.64,199,160,63,1.02,626.3,HIIT,40.9,3.5,4,2,29.11
42,Female,57.7,1.52,176,123,76,1.23,536.6,Yoga,35.2,2.4,2,2,24.97
62,Male,82.7,1.82,158,137,77,0.64,323.7,Yoga,21.3,2.8,1,2,24.97
59,Male,88.0,1.92,156,125,59,0.84,353.7,Yoga,25.6,3.9,3,2,23.87
42,Female,62.8,1.61,179,167,70,0.42,297.9,HIIT,32.7,2.5,4,2,24.23
35,Female,83.7,1.69,186,143,66,1.29,657.9,Strength,39.8,3.5,6,3,29.31
57,Female,77.5,1.66,161,134,57,0.84,409.0,Cardio,42.5,3.0,6,2,28.12
25,Female,73.6,1.62,201,113,72,0.96,312.3,Cardio,37.3,3.0,2,2,28.04
56,Male,80.6,1.79,164,123,57,1.15,449.1,Yoga,20.2,3.2,6,3,25.16
57,Female,80.7,1.71,163,99,60,1.21,310.5,Strength,32.0,3.3,6,3,27.6
31,Male,71.5,1.82,193,143,68,1.17,722.9,Yoga,21.8,3.0,3,2,21.59
49,Male,80.4,1.74,177,139,58,0.76,421.8,Yoga,23.6,3.0,3,2,26.56
55,Female,66.8,1.67,162,135,61,0.72,367.6,Yoga,33.2,3.0,3,2,23.95
50,Female,48.8,1.68,168,154,77,0.39,257.3,Yoga,21.5,2.2,1,1,17.29
40,Female,49.1,1.61,180,148,57,0.66,402.6,Strength,28.5,2.2,6,3,18.94
32,Male,63.3,1.69,186,133,53,1.34,671.5,Strength,20.8,2.5,6,3,22.16
50,Female,66.4,1.6,173,146,64,0.93,536.2,Strength,33.9,2.8,6,3,25.94
42,Female,51.9,1.53,175,152,54,0.67,424.0,Strength,29.5,2.4,5,3,22.17
34,Male,71.9,1.79,190,150,66,1.09,734.2,Yoga,16.5,3.2,3,2,22.44
50,Female,70.4,1.61,172,128,65,1.06,481.1,Yoga,39.2,2.5,4,2,27.16
64,Male,73.1,1.8,159,140,67,1.03,514.8,Yoga,15.0,3.2,2,2,22.56
19,Female,83.3,1.69,198,170,66,0.94,626.9,Strength,40.1,3.6,4,3,29.17
31,Male,87.5,1.75,188,155,76,0.9,694.8,Cardio,21.2,3.4,1,1,28.57
57,Female,64.5,1.62,166,111,71,0.9,326.6,Yoga,33.4,2.6,1,2,24.58
57,Female,74.8,1.66,165,138,56,0.54,279.4,Strength,35.5,3.1,6,3,27.14
56,Male,88.3,1.82,163,108,69,1.12,310.0,Yoga,26.3,3.6,4,2,26.66
23,Male,70.8,1.73,197,175,50,0.69,640.7,Strength,22.4,3.0,6,3,23.66
23,Female,79.5,1.7,196,112,54,0.82,251.0,Strength,36.0,3.0,5,3,27.51
20,Male,82.9,1.72,199,174,75,1.14,1097.4,Cardio,28.5,3.6,1,1,28.02
24,Male,72.4,1.85,193,169,70,0.49,429.2,Yoga,21.0,2.6,1,1,21.15
25,Male,85.7,1.85,192,115,63,1.02,430.8,Strength,21.5,3.4,4,2,25.04
59,Male,75.7,1.74,164,111,79,0.87,225.6,Yoga,24.7,3.1,1,1,25.0
32,Female,74.8,1.65,187,135,55,0.85,400.9,Strength,31.2,3.0,5,3,27.47
64,Female,63.2,1.66,159,142,65,0.3,171.5,Strength,25.4,2.7,5,3,22.94
46,Male,80.9,1.9,176,132,50,1.41,707.4,Strength,26.8,3.5,5,2,22.41
50,Male,77.7,1.76,171,162,60,0.49,368.7,Yoga,27.6,3.2,2,1,25.08
47,Male,91.7,1.79,171,118,61,1.05,423.1,Strength,30.7,3.7,5,3,28.62
56,Male,63.6,1.77,160,119,54,1.43,437.4,Strength,21.2,3.2,5,3,20.3
44,Female,50.2,1.55,175,148,68,0.79,483.7,Yoga,29.0,2.3,2,1,20.89
53,Female,58.8,1.61,172,112,61,1.17,439.2,Yoga,26.5,2.7,6,2,22.68
46,Male,77.2,1.82,177,155,63,0.42,293.7,Strength,24.2,3.1,3,3,23.31
55,Male,59.4,1.8,163,147,79,0.46,253.0,Cardio,21.7,2.6,1,1,18.33
50,Male,96.4,1.8,169,121,55,1.02,443.5,Strength,30.2,3.8,5,2,29.75
54,Female,72.0,1.73,163,125,76,1.37,597.3,Yoga,34.2,3.1,1,1,24.06
44,Male,68.8,1.71,171,153,63,0.61,404.4,Strength,21.8,3.0,4,3,23.53
50,Female,81.2,1.64,170,118,68,0.95,351.6,HIIT,40.0,3.3,1,2,30.19
21,Male,74.4,1.66,204,148,64,0.92,644.2,Yoga,25.4,3.1,6,3,27.0
39,Female,68.5,1.74,186,156,80,0.98,612.7,Yoga,26.4,3.5,2,1,22.63
19,Male,86.8,1.86,203,186,69,0.41,444.9,Yoga,24.6,3.4,1,1,25.09
27,Female,61.6,1.59,191,168,72,0.74,519.4,Yoga,33.1,2.5,1,1,24.37
22,Male,89.5,1.74,194,175,82,0.39,384.0,Cardio,25.1,3.5,1,1,29.56
27,Male,75.8,1.78,196,165,61,0.84,706.2,Strength,21.0,3.2,3,2,23.92
50,Male,63.0,1.8,171,105,61,0.92,179.3,Yoga,14.8,2.5,3,2,19.44
55,Female,48.2,1.64,164,150,68,0.57,365.1,Strength,21.1,2.1,4,2,17.92
30,Male,106.0,1.89,189,140,87,0.94,650.4,Cardio,32.7,3.9,2,1,29.67
48,Female,56.4,1.61,174,139,74,1.31,717.4,Strength,23.9,2.0,1,1,21.76
64,Female,74.9,1.67,154,145,80,0.41,233.5,Cardio,38.0,3.2,1,1,26.86
53,Male,79.3,1.79,168,113,67,1.12,341.6,Yoga,27.3,3.1,1,1,24.75
62,Male,70.6,1.75,154,133,76,0.73,317.6,Yoga,18.0,2.7,1,1,23.05
41,Male,71.4,1.74,186,112,64,1.01,311.2,Yoga,23.1,2.9,3,2,23.58
32,Female,84.8,1.68,186,166,65,0.38,247.9,Strength,44.6,3.4,6,3,30.05
46,Male,61.6,1.78,176,103,64,1.0,184.3,Strength,18.8,2.5,6,3,19.44
25,Female,64.6,1.67,191,160,77,0.63,405.1,Strength,29.8,2.5,4,1,23.16
22,Female,79.0,1.69,198,157,55,0.79,469.7,HIIT,36.8,3.1,5,2,27.66
46,Male,59.2,1.72,177,144,74,0.66,362.0,HIIT,19.3,3.1,2,1,20.01
64,Male,92.2,1.78,159,126,59,1.17,500.3,Strength,26.3,3.4,6,2,29.1
21,Male,87.5,1.78,201,185,70,0.55,589.8,Cardio,29.1,3.2,1,1,27.62
29,Male,90.9,1.89,191,158,58,0.59,480.6,Strength,23.2,3.6,6,2,25.45
62,Male,71.2,1.77,156,124,70,1.19,422.9,Strength,23.1,3.1,4,2,22.73
19,Male,53.3,1.65,198,158,55,0.86,633.3,Cardio,18.2,2.9,5,2,19.58
44,Female,71.7,1.63,181,102,55,1.04,289.5,Strength,31.6,2.9,6,2,26.99
48,Female,89.5,1.62,172,148,62,0.69,376.3,Strength,47.2,3.6,4,2,34.1
53,Female,57.8,1.52,168,113,59,0.93,356.8,Yoga,32.2,2.1,3,3,25.02
53,Male,70.3,1.97,170,126,61,1.2,476.4,Strength,13.3,3.2,5,2,18.11
43,Female,72.8,1.67,179,115,62,1.17,419.7,Strength,32.4,3.0,4,2,26.1
60,Female,74.0,1.64,160,92,54,0.86,195.3,Strength,36.4,2.9,6,3,27.51
44,Female,56.6,1.63,178,149,68,0.46,279.3,Yoga,31.4,2.4,3,2,21.3
22,Female,58.4,1.62,196,120,65,1.05,414.3,Strength,26.3,2.5,4,3,22.25
37,Female,58.1,1.63,178,157,63,0.96,622.4,Strength,26.7,2.8,4,2,21.87
28,Male,77.5,1.85,196,158,61,0.48,374.1,Strength,18.3,3.4,6,3,22.64
27,Male,89.0,1.93,191,176,55,0.47,459.6,Strength,18.0,3.2,5,3,23.89
57,Female,56.4,1.62,162,120,55,1.0,435.3,Yoga,28.9,2.4,3,2,21.49
55,Female,51.6,1.6,164,129,81,1.26,629.5,Yoga,24.3,2.4,1,2,20.16
23,Female,67.5,1.64,195,156,69,1.19,725.9,Yoga,32.4,2.8,2,1,25.1
25,Male,69.0,1.7,198,171,55,1.0,881.4,Strength,16.2,3.3,5,3,23.88
40,Male,71.2,1.76,181,142,62,0.93,541.2,Yoga,25.1,3.0,3,2,22.99
64,Female,68.3,1.66,155,136,66,0.86,450.5,Yoga,34.6,3.3,4,2,24.79
43,Male,64.2,1.83,173,155,64,0.56,375.7,Strength,16.8,2.7,3,2,19.17
63,Male,84.2,1.82,158,130,79,1.21,537.1,Cardio,27.2,3.4,2,1,25.42
60,Female,57.5,1.58,153,128,64,0.5,243.9,Yoga,29.8,2.5,6,2,23.03
29,Male,82.1,1.8,192,140,69,1.28,802.2,Strength,29.0,3.3,2,2,25.34
43,Male,68.8,1.63,181,142,68,1.05,594.7,Yoga,23.3,2.5,1,2,25.89
30,Female,73.8,1.61,190,175,70,0.33,240.2,Cardio,38.9,3.0,1,1,28.47
57,Male,68.5,1.66,167,123,76,1.04,367.3,Yoga,27.2,2.4,2,1,24.86
35,Male,100.9,1.89,181,135,57,1.35,833.9,Strength,25.0,4.2,5,2,28.25
42,Female,61.3,1.62,184,164,55,0.44,304.8,Strength,29.2,3.0,5,2,23.36
50,Male,85.0,1.9,173,134,59,1.37,712.3,Strength,24.0,3.6,4,3,23.55
64,Male,75.8,1.77,157,118,60,1.37,422.6,Yoga,25.3,3.1,1,1,24.19
57,Female,72.3,1.63,161,120,60,1.2,487.8,Yoga,38.0,2.9,4,2,27.21
60,Female,70.1,1.62,158,130,81,1.32,630.7,Yoga,30.4,3.1,1,2,26.71
29,Female,69.6,1.67,191,124,76,1.1,448.1,Yoga,28.4,2.9,2,2,24.96
61,Male,71.4,1.88,163,102,57,1.05,167.8,Strength,20.0,3.1,5,3,20.2
53,Female,62.4,1.53,163,119,60,0.74,306.2,Strength,33.7,2.8,5,3,26.66
65,Male,62.8,1.71,155,119,66,0.7,194.3,Yoga,17.7,2.7,2,1,21.48
21,Female,50.5,1.54,201,179,66,0.61,479.6,Strength,28.3,2.0,4,3,21.29
22,Male,60.7,1.72,201,176,57,0.43,392.0,Strength,18.8,2.5,4,2,20.52
54,Female,65.1,1.64,168,137,67,0.73,383.5,Yoga,27.4,3.0,3,2,24.2
25,Female,72.7,1.59,191,126,75,1.19,488.3,Cardio,37.3,3.3,1,1,28.76
59,Female,59.6,1.68,164,135,67,1.05,554.2,Yoga,21.2,2.6,4,1,21.12
45,Female,87.8,1.7,175,116,81,0.99,336.7,Cardio,40.7,3.3,2,1,30.38
48,Male,80.0,1.7,169,157,69,0.5,359.8,Strength,24.0,3.3,4,3,27.68
26,Female,52.1,1.64,194,118,53,0.98,389.4,Strength,23.9,2.6,5,3,19.37
46,Female,57.1,1.57,168,112,81,1.13,419.3,Yoga,32.1,2.4,1,2,23.17
31,Male,61.7,1.72,191,146,57,1.13,697.2,Strength,20.2,2.5,6,3,20.86
57,Female,76.6,1.69,163,117,56,1.34,508.5,Yoga,39.2,3.2,3,2,26.82
58,Male,70.5,1.83,158,145,73,0.51,283.0,Yoga,18.4,2.7,1,2,21.05
39,Female,50.6,1.64,180,134,60,1.39,717.9,Strength,22.4,2.5,5,3,18.81
28,Female,55.4,1.54,190,161,53,0.36,240.9,Strength,34.7,2.1,5,3,23.36
40,Female,68.7,1.55,178,159,63,0.3,193.5,Strength,40.2,2.9,5,3,28.6
18,Male,70.5,1.72,195,163,54,0.8,666.8,Strength,23.3,3.2,5,3,23.83
63,Female,76.6,1.72,152,125,71,0.67,292.9,Yoga,35.8,3.4,2,1,25.89
54,Female,76.1,1.71,165,136,62,1.02,509.0,Yoga,36.0,3.6,3,3,26.03
38,Female,42.1,1.48,181,107,51,0.99,354.1,Strength,24.7,2.0,6,3,19.22
43,Male,80.4,1.94,180,154,54,0.83,587.7,Strength,19.2,3.4,5,3,21.36
63,Male,80.3,1.81,155,122,55,1.14,410.8,Strength,22.0,3.1,5,3,24.51
53,Female,54.2,1.55,165,125,65,1.07,499.8,Yoga,28.2,2.2,4,2,22.56
40,Male,105.4,1.86,179,146,50,0.81,579.6,Cardio,25.0,4.5,3,2,30.47
18,Female,58.4,1.7,201,121,78,1.1,436.4,Strength,21.3,2.1,1,2,20.21
57,Female,56.6,1.63,163,148,69,0.47,288.8,Yoga,30.7,2.0,3,2,21.3
32,Female,71.2,1.67,187,124,71,0.96,391.3,Yoga,30.3,2.9,3,2,25.53
38,Female,59.3,1.63,184,94,52,1.08,262.6,Strength,29.2,2.7,6,3,22.32
64,Female,47.4,1.67,163,144,64,0.33,202.3,Cardio,18.5,2.1,3,2,17.0
26,Female,83.1,1.63,192,170,61,0.62,418.3,Strength,37.1,3.2,6,3,31.28
26,Female,53.1,1.6,195,174,62,0.42,317.0,Strength,27.7,2.0,5,3,20.74
27,Male,86.7,1.81,193,137,63,1.39,859.6,Strength,24.6,3.5,5,3,26.46
43,Male,69.6,1.86,180,166,74,0.53,416.5,Yoga,14.9,2.8,2,1,20.12
58,Male,63.5,1.72,163,149,57,0.3,171.4,Yoga,20.7,2.4,6,3,21.46
52,Male,66.5,1.88,166,102,51,1.0,171.9,HIIT,14.9,2.8,6,3,18.82
42,Male,70.2,1.79,175,117,80,1.13,392.2,Yoga,20.0,3.2,1,1,21.91
43,Male,77.0,1.86,179,158,63,0.75,550.9,Strength,18.6,3.3,4,3,22.26
28,Male,67.8,1.68,189,121,66,0.98,408.6,Strength,25.5,3.0,3,2,24.02
55,Female,66.3,1.69,169,149,73,0.42,252.5,Yoga,31.3,2.8,1,2,23.21
19,Female,52.3,1.64,203,149,48,1.44,847.3,Strength,27.4,2.3,6,3,19.45
24,Female,63.2,1.67,196,126,69,0.95,405.1,Yoga,28.8,2.7,1,1,22.66
35,Female,79.5,1.64,181,118,76,1.18,421.6,Cardio,40.1,3.4,2,2,29.56
44,Male,93.4,1.79,178,161,65,0.62,499.4,HIIT,26.2,3.8,4,2,29.15
51,Male,83.6,1.79,174,108,59,1.13,313.9,Cardio,25.9,3.4,6,2,26.09
44,Female,68.7,1.6,175,118,61,1.01,390.3,Strength,37.9,2.8,6,3,26.84
34,Female,94.9,1.73,184,169,61,0.45,294.9,Cardio,34.7,3.5,3,3,31.71
60,Male,80.2,1.74,160,109,63,1.05,263.7,Strength,30.6,3.7,4,2,26.49
61,Female,72.8,1.65,160,129,73,1.51,706.0,Strength,32.3,3.4,2,1,26.74
41,Female,49.3,1.61,177,150,61,1.07,667.2,Strength,26.6,2.7,5,3,19.02
42,Female,60.3,1.71,181,116,72,0.81,313.2,Yoga,25.5,2.4,1,1,20.62
24,Female,58.6,1.55,202,148,57,1.74,1002.0,Strength,28.5,2.7,3,3,24.39
23,Male,70.2,1.8,198,111,57,1.03,358.2,Strength,20.0,2.6,6,3,21.67
41,Female,65.1,1.76,178,150,60,0.92,547.4,Strength,28.6,3.1,5,3,21.02
50,Female,56.2,1.62,171,156,82,0.41,270.2,Yoga,26.9,2.4,2,2,21.41
46,Male,69.7,1.89,178,150,67,0.66,417.5,Strength,21.0,2.9,4,2,19.51
60,Male,65.0,1.73,160,107,65,0.86,163.2,HIIT,19.8,2.6,1,1,21.72
39,Female,61.7,1.55,182,153,63,1.06,655.3,Yoga,36.5,2.9,3,2,25.68
43,Male,105.4,1.85,179,155,59,0.7,551.8,Strength,33.0,4.2,6,3,30.8
45,Female,82.6,1.74,172,151,61,0.49,281.2,Strength,40.8,3.1,6,3,27.28
38,Female,68.4,1.6,183,105,60,0.97,288.3,Strength,33.7,2.6,5,3,26.72
24,Male,54.4,1.7,192,150,56,0.65,424.2,Strength,18.7,2.3,5,3,18.82
34,Female,67.0,1.64,184,153,79,0.77,464.6,Yoga,33.5,2.8,1,1,24.91
37,Female,67.7,1.67,186,165,62,0.51,347.9,HIIT,32.6,3.0,4,2,24.27
58,Female,73.7,1.7,165,130,75,1.45,680.3,Yoga,27.2,3.0,2,1,25.5
37,Female,63.3,1.65,182,117,69,0.89,340.3,Strength,30.7,2.2,4,2,23.25
39,Male,112.9,1.93,186,142,68,1.08,760.0,Strength,27.1,4.4,4,3,30.31
45,Male,82.7,1.83,171,127,68,1.31,608.5,Yoga,19.8,3.5,4,2,24.69
57,Female,63.3,1.59,162,146,77,0.5,294.8,Yoga,33.0,2.8,1,1,25.04
24,Male,63.6,1.9,197,177,67,0.51,470.8,HIIT,16.6,2.7,1,1,17.62
18,Female,64.9,1.64,194,116,74,0.9,317.6,Yoga,34.3,2.4,2,2,24.13
49,Female,73.0,1.6,171,130,61,1.36,626.8,Strength,43.0,2.9,4,3,28.52
30,Female,71.1,1.64,187,163,72,1.01,662.4,Strength,35.3,3.4,1,1,26.44
47,Female,50.9,1.73,170,131,66,1.46,737.6,Yoga,22.7,2.7,2,1,17.01
40,Female,64.7,1.68,179,163,59,0.48,325.4,Strength,34.4,2.4,6,3,22.92
36,Male,102.3,1.83,179,157,62,0.41,335.3,Cardio,32.5,4.0,2,1,30.55
49,Female,64.5,1.64,169,144,69,0.84,475.5,Strength,32.2,2.8,4,2,23.98
47,Male,84.0,1.81,168,148,66,0.51,332.7,Cardio,16.7,3.2,3,3,25.64
46,Male,102.1,1.84,174,153,75,0.65,488.9,Strength,27.3,4.1,4,1,30.16
62,Female,66.8,1.67,158,119,64,1.04,432.0,Yoga,34.2,2.7,3,2,23.95
46,Female,77.0,1.68,173,164,72,0.4,267.4,Yoga,35.1,2.6,2,1,27.28
47,Female,63.9,1.57,176,108,60,1.03,344.2,Strength,36.2,2.7,6,3,25.92
33,Female,70.9,1.63,186,173,57,0.42,303.9,Strength,39.0,2.9,6,3,26.69
57,Female,81.8,1.78,163,120,75,1.02,397.1,Cardio,29.7,3.4,1,2,25.82
36,Male,70.8,1.77,181,111,61,1.24,386.7,Strength,21.0,2.9,6,3,22.6
35,Female,66.3,1.7,178,163,56,0.48,321.5,Strength,31.7,2.4,5,3,22.94
18,Female,55.1,1.6,202,185,81,0.38,309.0,Yoga,28.7,2.1,2,1,21.52
31,Male,52.3,1.67,188,115,63,0.85,263.3,Yoga,18.1,2.3,1,1,18.75
64,Male,94.5,1.81,161,99,64,1.03,195.6,Strength,23.1,3.7,6,2,28.85
19,Female,62.0,1.59,203,169,63,1.1,769.0,Yoga,33.3,3.2,2,1,24.52
45,Male,85.8,1.73,174,158,72,0.41,309.1,Strength,29.2,3.1,4,3,28.67
47,Female,75.8,1.59,173,153,50,0.3,180.4,Strength,42.4,3.1,6,3,29.98
55,Male,71.3,1.7,168,140,75,1.06,551.9,Yoga,18.7,3.4,3,3,24.67
21,Male,65.9,1.82,201,180,74,0.75,724.2,Strength,14.5,2.8,2,1,19.89
18,Female,67.2,1.68,207,184,68,0.91,714.2,Yoga,30.5,3.3,1,2,23.81
25,Male,68.6,1.76,193,163,75,0.86,694.8,Strength,21.4,3.1,4,2,22.15
46,Male,60.1,1.85,177,160,53,0.51,354.8,Strength,18.6,2.3,5,3,17.56
56,Male,67.3,1.72,163,127,64,1.34,521.0,Strength,20.1,3.1,4,2,22.75
20,Male,74.3,1.75,201,118,68,1.06,457.3,Yoga,19.2,3.0,6,3,24.26
49,Male,77.0,1.86,169,161,67,0.53,394.5,HIIT,18.7,3.1,3,2,22.26
27,Male,70.6,1.8,193,138,55,1.01,587.4,HIIT,14.6,2.7,4,2,21.79
27,Female,59.9,1.73,194,165,56,0.84,576.0,Strength,21.2,2.8,5,3,20.01
36,Female,69.4,1.66,186,139,71,1.18,603.4,Yoga,33.9,2.7,1,1,25.19
63,Male,87.6,1.68,157,146,75,0.42,251.3,Yoga,27.1,3.4,2,1,31.04
51,Female,77.9,1.64,162,152,65,0.53,315.5,Yoga,36.4,3.2,3,3,28.96
50,Female,68.6,1.6,170,121,60,1.1,453.4,Strength,32.1,3.0,5,3,26.8
40,Female,73.1,1.65,184,162,51,0.51,334.8,Strength,31.9,2.7,6,3,26.85
45,Male,77.9,1.8,175,112,55,1.05,330.9,HIIT,21.9,3.3,6,2,24.04
49,Female,45.4,1.58,175,129,59,1.32,665.9,Strength,21.0,2.3,6,3,18.19
24,Male,82.0,1.88,196,170,62,0.73,666.0,Strength,16.9,3.4,3,2,23.2
46,Female,48.1,1.51,169,134,71,1.29,681.7,Strength,29.9,2.2,4,2,21.1
25,Male,76.7,1.75,194,139,62,1.34,822.5,Strength,23.9,3.3,3,2,25.04
18,Male,95.5,1.82,200,153,58,1.39,1131.9,Strength,27.5,3.9,6,3,28.83
20,Female,94.0,1.73,199,145,57,1.26,615.2,Strength,44.5,3.9,5,3,31.41
41,Female,60.9,1.57,175,145,67,0.89,507.8,Yoga,36.9,2.8,2,1,24.71
40,Male,55.2,1.72,180,157,74,0.74,497.3,Yoga,19.4,2.4,2,1,18.66
25,Female,64.1,1.61,194,171,59,1.19,850.2,Yoga,30.7,3.3,3,2,24.73
64,Female,69.2,1.67,160,120,56,1.19,499.3,Strength,31.9,2.6,6,3,24.81
54,Female,79.5,1.72,162,108,74,1.11,347.8,Yoga,33.7,3.4,1,1,26.87
20,Male,76.5,1.77,201,131,58,0.95,527.6,Strength,28.1,3.2,3,2,24.42
50,Male,85.6,1.86,171,145,60,0.86,534.2,Strength,25.4,3.5,6,3,24.74
45,Female,60.7,1.65,177,109,67,1.03,354.6,Yoga,27.8,2.8,4,1,22.3
64,Female,57.0,1.56,155,111,77,1.05,403.1,Yoga,27.7,2.3,2,1,23.42
25,Female,68.2,1.61,196,124,74,0.92,373.2,Yoga,36.2,2.7,2,1,26.31
51,Male,56.6,1.8,170,109,67,1.04,218.3,HIIT,15.7,2.3,2,1,17.47
52,Male,81.8,1.87,163,108,73,0.95,256.3,Yoga,19.7,3.3,1,1,23.39
49,Female,68.0,1.59,170,148,60,0.58,339.5,Strength,32.7,2.8,6,3,26.9
41,Female,80.4,1.63,179,155,53,0.67,401.6,Strength,41.7,3.1,6,2,30.26
31,Female,66.8,1.7,189,139,53,1.26,643.5,Strength,31.3,2.9,6,3,23.11
49,Female,62.8,1.48,171,112,57,1.0,363.9,Strength,36.2,2.5,6,3,28.67
63,Female,78.8,1.61,158,146,71,0.69,391.8,Yoga,44.8,3.5,1,1,30.4
60,Female,59.3,1.6,166,130,57,1.42,706.3,Strength,31.3,2.7,5,3,23.16
33,Male,73.9,1.81,185,166,64,0.64,529.3,Yoga,22.3,3.2,3,2,22.56
21,Female,57.3,1.55,200,115,66,0.92,334.4,Strength,32.7,2.6,3,3,23.85
54,Male,91.1,1.94,170,107,62,0.96,270.2,Strength,25.3,3.6,6,3,24.21
38,Female,79.0,1.67,177,108,68,1.0,297.3,Strength,36.9,3.3,4,2,28.33
31,Female,52.4,1.55,190,133,74,1.11,553.2,Yoga,35.3,2.1,2,2,21.81
48,Male,83.3,1.67,167,131,67,1.28,632.0,Cardio,33.7,3.8,1,1,29.87
65,Male,67.2,1.76,162,123,62,1.05,342.6,Yoga,21.4,2.8,4,1,21.69
35,Male,58.0,1.7,187,165,70,0.43,329.7,Strength,18.5,2.1,4,2,20.07
24,Male,77.0,1.71,197,153,56,0.98,729.3,Strength,25.7,3.5,6,3,26.33
27,Female,69.2,1.55,187,116,68,1.04,368.8,Cardio,36.5,2.9,1,2,28.8
24,Male,73.5,1.71,194,167,76,0.51,439.1,Strength,18.3,3.0,3,3,25.14
50,Female,73.4,1.68,169,156,83,0.5,314.0,Yoga,32.8,2.5,2,1,26.01
40,Male,100.4,1.79,185,168,65,0.59,531.2,Cardio,28.7,3.9,3,2,31.33
38,Female,85.4,1.72,184,113,60,0.89,282.8,Strength,36.2,3.1,4,2,28.87
36,Female,65.4,1.63,179,125,78,1.01,433.1,Yoga,34.0,2.4,2,1,24.62
65,Female,56.0,1.56,156,141,56,0.51,295.4,Strength,33.6,2.4,5,3,23.01
36,Female,71.6,1.59,179,109,70,0.88,277.2,Strength,37.2,2.7,4,2,28.32
53,Female,78.3,1.69,162,156,63,0.48,298.7,HIIT,34.6,3.1,3,2,27.42
46,Female,69.8,1.64,175,141,74,1.66,886.5,Yoga,34.1,2.9,3,1,25.95
35,Male,75.7,1.8,187,124,55,0.92,410.6,Strength,19.9,3.3,6,3,23.36
19,Female,63.6,1.62,202,157,77,1.23,761.7,Yoga,34.9,2.7,3,2,24.23
18,Male,78.6,1.81,208,179,75,0.49,490.7,Strength,21.4,2.8,1,2,23.99
64,Male,67.7,1.7,157,103,72,0.99,148.2,Yoga,21.8,2.9,4,1,23.43
22,Female,61.0,1.65,199,175,70,0.64,475.2,Yoga,33.8,2.6,2,2,22.41
37,Male,78.8,1.76,179,160,59,0.46,356.5,Yoga,25.6,3.4,3,2,25.44
28,Female,59.1,1.63,195,117,48,1.04,395.6,Strength,28.6,2.5,6,3,22.24
59,Male,73.5,1.71,156,100,63,0.89,136.6,Strength,18.0,2.8,6,3,25.14
19,Female,50.7,1.72,207,127,66,1.02,459.2,HIIT,23.1,2.1,3,2,17.14
20,Male,76.7,1.85,203,176,66,0.68,654.9,Yoga,18.6,3.1,1,1,22.41
40,Female,71.7,1.59,188,151,63,0.6,353.0,Strength,34.8,3.1,6,3,28.36
29,Female,53.3,1.58,192,180,80,0.6,477.6,Yoga,31.7,2.2,2,1,21.35
37,Female,63.8,1.55,186,137,72,1.01,514.8,Strength,31.7,2.9,4,2,26.56
22,Female,55.4,1.6,197,139,52,1.12,584.5,Strength,25.4,2.5,5,3,21.64
54,Male,80.5,1.72,166,145,81,0.71,422.5,Yoga,22.9,3.4,1,1,27.21
55,Female,57.1,1.56,162,107,59,1.02,355.5,Strength,30.2,2.4,6,3,23.46
47,Male,73.1,1.77,169,137,73,1.21,631.4,Strength,22.2,3.0,4,3,23.33
26,Male,81.8,1.82,195,141,60,1.17,753.0,Strength,21.6,3.1,5,2,24.7
51,Male,59.9,1.74,169,147,66,0.69,388.5,Yoga,18.6,2.7,3,2,19.78
61,Female,75.0,1.64,156,145,72,0.47,266.1,Cardio,33.7,3.4,3,2,27.89
52,Male,97.3,1.83,165,138,79,0.84,491.7,Yoga,29.2,4.2,2,1,29.05
39,Male,83.0,1.89,181,158,62,0.82,625.8,Strength,24.3,3.6,5,2,23.24
61,Male,84.4,1.79,156,104,63,1.11,238.6,Yoga,21.2,3.1,3,2,26.34
41,Female,72.3,1.63,180,152,65,0.91,541.2,Strength,39.6,3.5,3,1,27.21
34,Female,59.6,1.57,183,107,51,1.11,357.1,Strength,29.7,2.7,6,2,24.18
27,Male,69.8,1.84,194,177,70,0.64,596.6,Strength,17.3,3.2,2,1,20.62
47,Female,83.9,1.67,170,113,69,1.02,336.6,Strength,38.8,3.2,4,2,30.08
63,Female,68.4,1.72,154,140,68,0.59,323.4,Yoga,35.3,2.8,3,3,23.12
40,Male,59.4,1.63,173,157,68,0.53,362.5,Yoga,13.4,2.2,1,1,22.36
49,Male,92.6,1.75,171,154,81,0.63,457.0,Yoga,26.6,3.4,1,1,30.24
34,Female,72.5,1.65,190,171,80,0.54,382.8,Strength,33.7,2.9,4,2,26.63
34,Male,81.4,1.79,190,109,54,0.97,319.9,Strength,27.1,3.3,5,3,25.4
31,Female,46.2,1.48,190,139,72,1.28,701.5,Yoga,29.1,2.0,2,2,21.09
26,Female,83.6,1.75,188,148,55,0.89,474.1,Strength,35.7,3.5,6,3,27.3
57,Female,96.6,1.67,166,157,73,0.5,299.9,Yoga,41.0,3.8,1,1,34.64
19,Female,84.5,1.75,202,152,75,0.87,477.9,Cardio,36.7,2.7,1,1,27.59
62,Female,75.8,1.7,157,132,62,0.77,371.5,Yoga,41.1,3.2,4,2,26.23
42,Female,79.0,1.71,182,139,56,1.36,680.4,Strength,38.2,3.4,5,3,27.02
56,Male,68.3,1.71,166,147,58,0.47,269.1,Strength,25.0,2.7,5,2,23.36
26,Male,74.7,1.79,200,154,68,1.22,903.9,Strength,21.5,3.4,4,3,23.31
39,Female,62.6,1.64,177,139,82,1.58,832.4,Yoga,32.2,2.7,1,2,23.27
60,Female,58.3,1.61,156,139,73,0.48,267.3,Yoga,31.6,2.3,2,2,22.49
63,Female,63.3,1.65,154,122,70,1.17,517.2,Yoga,26.2,2.5,1,1,23.25
21,Male,79.6,1.85,198,169,60,0.83,751.2,Cardio,21.8,3.3,5,3,23.26
43,Female,59.8,1.59,182,131,59,1.25,606.1,Yoga,32.3,2.6,6,3,23.65
46,Male,64.1,1.65,172,121,72,1.01,357.8,Yoga,22.3,2.8,1,1,23.54
62,Female,69.9,1.66,156,139,76,0.86,462.7,Yoga,27.9,3.6,2,1,25.37
51,Female,53.5,1.47,170,128,64,0.96,466.1,Yoga,32.5,2.4,3,2,24.76
40,Male,72.5,1.7,183,115,70,0.99,337.9,Yoga,21.0,2.7,1,1,25.09
54,Male,95.6,1.79,159,104,56,0.88,235.1,Strength,30.0,3.9,4,3,29.84
28,Female,65.8,1.63,195,116,64,1.01,365.5,Strength,31.6,2.8,3,3,24.77
23,Female,94.3,1.71,195,151,57,1.32,698.8,Strength,46.5,3.8,4,3,32.25
35,Female,69.2,1.64,185,163,62,0.49,325.6,Strength,33.6,3.0,4,3,25.73
38,Male,75.1,1.81,186,121,68,0.91,372.0,Strength,20.7,3.5,4,2,22.92
59,Male,97.9,1.83,160,144,64,0.46,285.7,Yoga,33.3,3.8,1,1,29.23
53,Male,77.6,1.79,162,130,57,1.07,485.7,Strength,25.6,3.4,5,3,24.22
58,Male,55.7,1.81,158,140,66,0.64,299.2,Yoga,8.3,2.7,3,2,17.0
55,Male,82.9,1.84,165,150,72,0.45,289.9,Yoga,17.7,3.8,2,2,24.49
51,Male,72.4,1.75,168,154,56,0.45,297.9,Strength,20.4,2.9,5,3,23.64
34,Female,90.2,1.73,186,172,75,0.49,334.8,Cardio,32.8,3.6,1,1,30.14
54,Female,55.4,1.61,165,149,68,0.62,384.4,Yoga,24.7,2.5,4,1,21.37
42,Male,70.7,1.74,182,160,74,0.54,398.3,Yoga,25.6,3.0,2,1,23.35
55,Female,82.6,1.69,165,139,63,0.72,365.5,Cardio,34.0,3.2,3,2,28.92
29,Female,64.6,1.58,186,168,61,0.54,377.2,Strength,33.2,2.8,5,3,25.88
40,Male,74.9,1.77,182,156,52,0.53,381.1,Strength,19.8,3.1,6,3,23.91
59,Female,62.4,1.69,167,107,60,0.96,329.5,Yoga,27.4,2.6,5,2,21.85
39,Male,82.4,1.79,181,163,76,0.76,613.1,Yoga,24.9,3.5,2,1,25.72
38,Male,73.0,1.73,183,141,75,1.27,741.4,Yoga,23.5,3.1,1,1,24.39
44,Female,58.7,1.64,174,150,65,0.74,451.2,Yoga,32.0,2.2,3,1,21.82
48,Male,67.4,1.75,171,129,62,0.99,426.0,Yoga,17.4,2.6,2,2,22.01
23,Male,70.9,1.81,199,131,72,0.98,520.1,Strength,19.2,3.0,4,2,21.64
44,Male,67.4,1.79,179,170,70,0.52,422.7,HIIT,15.3,3.0,3,2,21.04
57,Male,87.0,1.77,164,103,54,0.79,177.7,Strength,27.3,3.3,5,2,27.77
51,Male,75.2,1.66,174,159,78,0.54,386.3,Yoga,20.4,2.9,2,1,27.29
29,Male,88.0,1.78,191,151,58,0.95,705.9,Strength,28.0,4.0,5,3,27.77
62,Male,71.7,1.71,155,141,55,0.46,234.9,Strength,28.7,2.9,5,3,24.52
24,Male,80.9,1.85,193,140,62,1.13,720.6,HIIT,25.6,3.3,5,3,23.64
27,Female,62.2,1.62,197,148,71,1.05,601.2,Yoga,27.6,2.8,1,1,23.7
62,Female,61.5,1.48,161,105,63,0.98,328.5,Strength,34.9,2.3,5,3,28.08
34,Female,47.0,1.61,181,151,68,0.72,451.3,Strength,28.0,2.5,4,2,18.13
43,Male,70.3,1.76,176,137,70,1.49,782.9,Strength,22.2,2.8,4,2,22.69
38,Male,62.6,1.71,181,121,68,1.01,376.9,Strength,23.5,2.4,3,3,21.41
45,Female,78.7,1.64,173,142,60,0.48,251.2,Strength,34.2,2.9,6,3,29.26
63,Female,64.4,1.68,153,127,58,0.89,420.2,Strength,30.4,2.8,5,3,22.82
19,Female,55.5,1.72,199,113,55,1.17,411.5,Cardio,30.0,2.5,5,2,18.76
60,Male,80.1,1.78,157,127,74,1.3,537.8,Strength,22.9,3.5,2,1,25.28
18,Female,71.1,1.75,198,156,79,1.44,861.4,Yoga,33.9,3.0,1,2,23.22
53,Female,65.2,1.7,169,110,60,1.07,375.6,Strength,31.4,2.5,6,3,22.56
43,Male,77.6,1.87,178,140,68,1.4,802.7,Yoga,24.9,2.9,3,2,22.19
46,Female,56.5,1.6,173,103,49,1.09,342.7,Strength,31.4,2.6,6,3,22.07
38,Male,89.4,1.82,176,135,57,1.39,801.0,Strength,28.8,3.8,5,3,26.99
28,Male,81.9,1.8,191,140,72,1.26,792.6,Yoga,24.8,3.6,2,1,25.28
57,Male,68.0,1.69,165,108,67,0.83,179.3,Yoga,24.2,2.7,1,1,23.81
28,Female,53.5,1.61,190,127,70,0.89,404.7,Yoga,27.5,2.4,3,2,20.64
53,Female,66.7,1.67,164,123,49,0.99,427.3,Strength,31.2,2.6,6,3,23.92
56,Male,90.8,1.89,164,111,70,0.75,233.3,Yoga,24.8,3.6,3,2,25.42
57,Female,70.4,1.66,164,133,63,1.11,547.6,Strength,33.1,2.8,5,3,25.55
52,Female,75.0,1.73,162,144,64,0.64,352.2,Yoga,34.1,3.0,3,3,25.06
51,Female,67.4,1.78,173,148,73,0.58,341.4,Cardio,27.8,2.9,2,1,21.27
64,Female,53.3,1.77,152,136,70,0.91,501.4,Yoga,22.7,2.6,3,2,17.01
41,Male,93.2,1.74,178,138,62,1.31,793.2,Strength,23.3,4.0,4,1,30.78
39,Female,58.9,1.72,185,158,77,0.83,544.0,Yoga,30.0,2.5,2,2,19.91
22,Male,60.3,1.85,198,141,54,1.44,855.1,Strength,17.0,2.9,6,2,17.62
50,Male,77.3,1.76,173,114,66,1.0,317.0,Strength,22.9,3.1,1,1,24.95
53,Female,51.0,1.66,172,159,75,0.65,449.1,Yoga,25.2,2.5,1,1,18.51
64,Male,73.4,1.84,152,130,57,0.77,315.8,Strength,19.5,3.4,5,3,21.68
37,Female,77.3,1.71,186,155,51,0.85,510.6,Strength,35.0,2.9,5,3,26.44
36,Female,91.9,1.73,188,130,73,0.99,408.7,Strength,40.6,3.8,4,2,30.71
52,Male,90.4,1.87,167,146,56,0.41,261.6,Strength,24.9,3.7,6,3,25.85
60,Male,76.9,1.83,159,145,77,0.37,210.0,HIIT,23.0,2.7,1,1,22.96
34,Male,81.4,1.83,180,162,83,0.56,453.2,Yoga,23.7,3.0,1,1,24.31
62,Male,56.9,1.77,160,108,75,1.13,192.0,Yoga,21.3,2.6,1,2,18.16
60,Female,60.2,1.62,152,133,81,0.84,432.6,Yoga,32.8,2.8,1,1,22.94
51,Female,58.7,1.6,172,139,61,0.88,481.0,Strength,32.1,2.6,3,2,22.93
26,Female,62.5,1.58,190,175,63,0.34,253.0,Strength,39.3,2.7,6,3,25.04
43,Male,95.8,1.75,181,113,69,1.04,396.2,Cardio,33.4,3.8,2,1,31.28
19,Male,56.8,1.79,202,126,70,0.79,360.9,Strength,16.8,1.9,2,1,17.73
26,Male,71.5,1.76,197,123,58,0.88,397.2,Strength,17.7,2.7,4,2,23.08
26,Female,45.1,1.58,192,168,67,0.63,460.4,Yoga,25.7,2.3,3,2,18.07
57,Male,86.5,1.95,159,103,77,1.0,223.5,Yoga,16.0,3.4,1,1,22.75
34,Female,51.6,1.55,181,168,78,0.51,371.0,Yoga,33.3,2.1,1,1,21.48
18,Male,56.3,1.71,205,182,52,0.56,540.4,Strength,24.5,2.5,5,2,19.25
42,Female,74.5,1.64,180,158,59,0.58,365.6,Strength,37.4,2.9,5,3,27.7
60,Female,62.6,1.57,162,128,68,1.15,550.4,Strength,34.5,2.4,4,3,25.4
57,Male,93.4,1.85,164,150,77,0.53,354.2,Yoga,25.7,3.9,1,1,27.29
59,Male,75.0,1.82,163,99,62,0.99,147.2,Strength,22.1,3.3,4,2,22.64
42,Female,60.5,1.58,177,128,53,0.89,412.3,Yoga,37.0,2.6,3,2,24.23
56,Female,83.9,1.67,165,143,78,0.75,399.0,Yoga,39.5,3.2,2,1,30.08
52,Male,79.3,1.8,165,140,73,0.86,474.9,Yoga,32.1,3.8,1,2,24.48
20,Male,96.6,1.88,199,119,59,0.96,483.9,Strength,27.0,4.1,6,3,27.33
54,Female,60.1,1.64,175,120,65,0.96,408.4,Yoga,36.2,2.7,3,2,22.35
61,Male,87.5,1.8,159,111,75,1.08,310.1,Yoga,28.7,3.6,1,1,27.01
61,Female,62.2,1.66,153,99,60,1.02,300.3,Strength,33.9,2.6,6,3,22.57
47,Female,52.2,1.71,172,128,50,1.27,614.2,Yoga,27.4,2.4,5,3,17.85
55,Male,74.1,1.74,162,106,71,0.84,185.7,Yoga,23.5,2.7,4,1,24.47
51,Male,74.0,1.8,169,148,57,0.54,330.7,Strength,20.4,2.9,5,3,22.84
29,Male,58.9,1.77,188,158,83,0.63,455.7,Strength,16.9,2.4,2,2,18.8
36,Male,83.4,1.82,183,104,56,1.0,284.4,Strength,25.0,3.4,5,3,25.18
54,Male,72.4,1.84,164,146,69,0.39,226.6,Cardio,21.5,2.9,1,1,21.38
61,Female,99.7,1.68,160,94,57,1.09,211.9,Strength,50.0,3.7,6,3,35.32
34,Female,57.3,1.72,184,161,59,0.68,457.1,Strength,25.7,2.2,5,3,19.37
27,Male,59.9,1.72,194,148,72,1.17,750.6,Strength,20.6,2.6,1,1,20.25
64,Male,95.3,1.86,162,141,77,0.78,446.3,Yoga,24.3,3.7,2,1,27.55
29,Male,74.4,1.76,188,147,56,0.95,634.7,Strength,20.9,3.1,6,3,24.02
33,Female,73.0,1.63,189,137,58,1.31,640.3,Strength,31.9,3.5,5,3,27.48
41,Male,84.6,1.81,172,155,77,0.49,360.1,Strength,26.0,3.8,4,2,25.82
36,Male,74.4,1.82,183,116,67,1.04,382.1,Strength,25.7,2.9,4,2,22.46
25,Female,58.9,1.73,196,169,59,0.7,497.8,Strength,34.3,2.3,6,3,19.68
48,Female,76.9,1.65,170,148,58,0.7,397.7,Yoga,36.2,3.5,4,2,28.25
38,Male,65.5,1.81,177,136,63,1.08,558.5,Strength,20.0,2.8,5,3,19.99
34,Male,82.9,1.77,186,144,62,1.36,885.0,Strength,26.3,3.6,5,3,26.46
40,Male,84.9,1.75,185,166,55,0.71,595.0,Strength,28.4,3.4,6,2,27.72
54,Female,64.7,1.64,166,147,62,0.52,306.9,Strength,31.5,2.5,5,3,24.06
33,Male,72.6,1.76,189,142,75,0.86,521.3,Cardio,17.9,2.8,1,1,23.44
23,Male,75.2,1.89,200,163,74,0.86,715.9,Strength,18.8,3.4,2,2,21.05
25,Male,77.3,1.72,202,136,72,0.95,559.0,Strength,28.6,2.9,4,2,26.13
42,Female,50.3,1.72,175,114,70,1.05,411.6,Yoga,19.8,2.4,1,1,17.0
35,Female,67.4,1.58,182,158,55,0.36,228.9,Strength,36.3,2.3,6,3,27.0
42,Male,74.6,1.73,177,136,67,0.9,478.4,Strength,25.7,3.1,4,3,24.93
29,Male,71.0,1.73,193,149,77,1.14,771.2,Yoga,22.5,3.0,1,1,23.72
32,Female,77.6,1.75,181,130,61,1.53,664.8,Strength,41.6,3.6,5,2,25.34
43,Female,51.0,1.61,179,150,57,0.59,367.4,Strength,23.6,2.1,6,3,19.68
58,Female,41.4,1.56,162,144,54,0.47,290.2,HIIT,18.9,2.0,6,3,17.01
62,Female,72.9,1.67,156,145,78,0.35,199.9,Yoga,32.5,2.9,4,2,26.14
43,Female,75.5,1.61,178,151,53,0.53,309.9,Strength,33.0,3.1,5,3,29.13
64,Female,56.4,1.75,159,137,66,0.83,458.0,Strength,28.9,2.5,4,2,18.42
49,Female,53.3,1.6,174,157,69,0.36,241.1,HIIT,24.5,2.0,3,2,20.82
27,Female,73.9,1.65,193,136,80,1.13,536.1,Yoga,33.0,3.0,1,1,27.14
33,Female,61.1,1.54,188,169,63,0.31,221.8,Yoga,30.2,2.3,3,2,25.76
24,Male,111.7,1.79,197,173,62,0.66,675.9,Cardio,38.7,4.7,1,1,34.86
34,Male,78.8,1.67,190,175,70,0.64,588.5,Cardio,26.8,3.3,2,1,28.25
40,Male,78.3,1.69,181,148,61,0.85,558.0,Strength,28.0,3.6,6,3,27.42
43,Female,61.6,1.68,179,123,69,1.09,469.0,Strength,23.9,2.3,4,2,21.83
38,Male,81.6,1.76,185,119,78,0.98,401.1,Yoga,25.8,2.9,2,2,26.34
39,Female,74.2,1.58,187,154,78,0.89,535.8,Cardio,40.2,2.9,2,2,29.72
24,Female,66.7,1.67,194,150,63,1.25,717.5,Strength,30.6,2.6,6,3,23.92
31,Male,68.8,1.69,194,112,54,0.84,276.9,Strength,20.5,2.8,6,3,24.09
32,Female,64.0,1.6,195,170,66,0.5,357.8,Yoga,38.3,2.5,1,1,25.0
24,Male,64.1,1.7,194,181,67,0.38,365.1,Strength,17.8,2.6,3,3,22.18
26,Male,72.7,1.69,193,171,53,0.6,533.4,Strength,23.1,2.9,5,3,25.45
65,Male,75.0,1.72,154,134,66,0.86,385.3,Yoga,21.2,3.4,1,1,25.35
25,Female,67.7,1.51,197,176,62,0.57,421.8,Strength,45.8,2.6,5,3,29.69
40,Male,79.8,1.83,174,150,75,0.85,577.0,Yoga,26.3,3.1,2,2,23.83
